SMILES,index,Name,Abbrev.,Category,Molecular,OB(CO2),r0,HGAS,HSUB,Q,D,P,EG,h50(obs)
O=[N+]([O-])c1cc([N+](=O)[O-])c(Nc2c[nH]nn2)c([N+](=O)[O-])c1,1,"4-picrylamino-1,2,3-triazole",,Unst. (N2 loss),C8H5N7O6,-67.8,1.719,382.3,185,5.05,7.203,223.8,4794,103
O=[N+]([O-])c1cc(-n2cc([N+](=O)[O-])nn2)cc([N+](=O)[O-])c1,2,"1-(3',5'-dinitrophenyl)-4-nitro-1,2,3-triazole",,Unst. (N2 loss),C8H4N6O6,-68.5,1.701,367,162,5.27,7.131,217.9,4623,56
O=[N+]([O-])c1cn(-c2ccc([N+](=O)[O-])c([N+](=O)[O-])c2)nn1,3,"1-(3',4'-dinitrophenyl)-4-nitro-1,2,3-triazole",,Unst. (N2 loss),C8H4N6O6,-68.5,1.701,403.8,162,5.4,7.175,220.6,4739,51
O=[N+]([O-])c1cc([N+](=O)[O-])c(-n2nnc3c([N+](=O)[O-])cc([N+](=O)[O-])cc32)c([N+](=O)[O-])c1,4,"4,6-dinitro-1-picryl-benzotriazole",,Unst. (N2 loss),C12H4N8O10,-60.9,1.783,478.4,240,5.46,7.415,242.5,5016,40
O=[N+]([O-])c1cc([N+](=O)[O-])c(-n2nnc3cc([N+](=O)[O-])cc([N+](=O)[O-])c32)c([N+](=O)[O-])c1,5,"1-Picryl-5,7-dinitrobenzotriazole",BTX,Unst. (N2 loss),C12H4N8O10,-60.9,1.783,455.3,240,5.41,7.396,241.3,4966,40
O=[N+]([O-])c1cc([N+](=O)[O-])c(-n2nnc3cc4c(cc32)nnn4-c2c([N+](=O)[O-])cc([N+](=O)[O-])cc2[N+](=O)[O-])c([N+](=O)[O-])c1,6,"1,5-dipicrylbenzo-[1,2-d:4,5-d']-bistriazole",,Unst. (N2 loss),C18H6N12O12,-74.2,1.768,894.1,319,5.27,7.139,223.6,4594,40
O=[N+]([O-])c1cc([N+](=O)[O-])c(Nc2nnn[nH]2)c([N+](=O)[O-])c1,8,5-picrylaminotetrazole,,Unst. (tetrazole),C7H4N8O6,-54,1.779,465.1,190,5.22,7.617,255.6,5454,36
O=[N+]([O-])c1cc([N+](=O)[O-])c(-n2nnc3cc([N+](=O)[O-])c([N+](=O)[O-])cc32)c([N+](=O)[O-])c1,9,"5,6-dinitro-1-picryl-benzotriazole",,Unst. (N2 loss),C12H4N8O10,-60.9,1.783,494,240,5.5,7.428,243.3,5051,35
O=[N+]([O-])c1cc([N+](=O)[O-])c(Nc2cn(-c3c([N+](=O)[O-])cc([N+](=O)[O-])cc3[N+](=O)[O-])nn2)c([N+](=O)[O-])c1,10,"1-picryl-4-picrylamino-1,2,3-triazole",,Unst. (N2 loss),C14H6N10O12,-60,1.759,532.1,294,5.4,7.4,239.5,5030,35
Nc1c([N+](=O)[O-])cc([N+](=O)[O-])c(-n2ccnn2)c1[N+](=O)[O-],11,"1-(3'-Amino-2',4',6'-trinitrophenyl)-1,2,3-triazole",,Unst. (N2 loss),C8H5N7O6,-67.8,1.729,411.3,179,5.17,7.274,229,4965,31
O=[N+]([O-])c1cnn[nH]1,12,"4-nitro-1,2,3-triazole",,Unst. (N2 loss),C2H2N4O2,-42.1,1.74,278.7,83,5.56,7.976,276.5,6198,25
[N-]=[N+]=Nc1c([N+](=O)[O-])cc([N+](=O)[O-])cc1[N+](=O)[O-],13,"2-Azido-1,3,5-trinitrobenzene",Picryl azide,Unst. (azide),C6H2N6O6,-44.1,1.758,419.1,168,5.81,7.743,262.2,5621,19
O=[N+]([O-])OCn1nnc([N+](=O)[O-])n1,14,"5-Nitro-2-nitratomethyl-1,2,3,4-tetrazole",,Unst. (tetrazole),C2H2N6O5,0,1.844,296.8,122,6.33,9.021,366.2,7923,17
[N-]=[N+]=Nc1c([N+](=O)[O-])c([N+](=O)[O-])c([N+](=O)[O-])c([N+](=O)[O-])c1[N+](=O)[O-],15,Azidopentanitrobenzene,CL-16,Unst. (azide),C6N8O10,-9.3,1.921,545.2,225,6.65,8.889,364.1,7798,17
O=[N+]([O-])c1cc([N+](=O)[O-])c(-n2nnc3ccccc32)c([N+](=O)[O-])c1,16,1-Picrylbenzotriazole,,Unst. (N2 loss),C12H6N6O6,-101.8,1.643,480.4,183,4.88,6.372,170.3,3425,11
O=[N+]([O-])c1cc([N+](=O)[O-])c(-n2ccnn2)c([N+](=O)[O-])c1,17,"1-Picryl-1,2,3-triazole",,Unst. (N2 loss),C8H4N6O6,-68.5,1.701,422.3,162,5.46,7.196,221.9,4796,10
N#[N+]c1cc([N+](=O)[O-])cc([N+](=O)[O-])c1[O-],18,"2-Diazo-4,6-dinitrophenol",DDNP,Unst.,C6H2N4O5,-60.9,1.721,191.5,141,5.13,7.123,219,4349,9
O=[N+]([O-])N1CC(N(F)F)(N(F)F)CN([N+](=O)[O-])CC(N(F)F)(N(F)F)C1,19,HNFX,HNFX,Unst. (NF2),C6H8N8O4F8,-31.4,1.869,84,137,7.15,9.291,391.5,9579,8
Cc1c([N+]#N)c([O-])c([N+](=O)[O-])c([N+](=O)[O-])c1[N+](=O)[O-],20,"3-Methyl-2-diazo-4,5,6-trinitrophenol",Me-NO2-DDNP,Unst.,C7H3N5O7,-50.5,1.747,221.4,173,5.55,7.527,246.8,5183,8
N#[N+]c1cc([N+](=O)[O-])c(Cl)c([N+](=O)[O-])c1[O-],21,"5-Chloro-2-diazo-4,6-dinitrophenol",5-Cl-DDNP,Unst.,C6HN4O5Cl,-45.8,1.819,206.4,148,4.64,7.244,234.2,4145,8
O=[N+]([O-])OCCC(CCN(CCC(CCO[N+](=O)[O-])([N+](=O)[O-])[N+](=O)[O-])[N+](=O)[O-])([N+](=O)[O-])[N+](=O)[O-],22,"4,4,8,8-Tetranitro-1,11-dinitrato-6-nitrazaundecane",,ONO2,C10H16N8O16,-38.1,1.624,-308.3,293,5.77,7.775,251.5,5836,87
O=[N+]([O-])OCCN(c1c([N+](=O)[O-])cc([N+](=O)[O-])c(/C=C/c2c([N+](=O)[O-])cc([N+](=O)[O-])cc2[N+](=O)[O-])c1[N+](=O)[O-])[N+](=O)[O-],23,"Compound (21) in PEP 19,249 (1994)",,ONO2,C16H9N9O17,-52.1,1.727,277.2,346,5.8,7.567,247.7,5379,61
Nc1c([N+](=O)[O-])c(N)c([N+](=O)[O-])c(NCCO[N+](=O)[O-])c1[N+](=O)[O-],24,"Compound (5) in PEP 19,249 (1994)",,ONO2,C8H9N7O9,-53,1.731,-39.4,231,4.91,7.534,245.9,5259,50
O=[N+]([O-])OCCNc1c([N+](=O)[O-])c(NCCO[N+](=O)[O-])c([N+](=O)[O-])c(NCCO[N+](=O)[O-])c1[N+](=O)[O-],25,"Compound (2) in PEP 19,249 (1994)",,ONO2,C12H15N9O15,-50.3,1.664,-138,328,5.37,7.554,241.2,5429,43
O=[N+]([O-])OCC1OC2OC3C(CO[N+](=O)[O-])OC(OC1C(O[N+](=O)[O-])C2O[N+](=O)[O-])C(O[N+](=O)[O-])C3O[N+](=O)[O-],26,Nitrocellulose,NC,ONO2,C12H14N6O22,-24.2,1.852,-976.1,333,5.61,8.425,320.2,6756,39
CC(CN(CCO[N+](=O)[O-])[N+](=O)[O-])([N+](=O)[O-])[N+](=O)[O-],27,"3,5,5-trinitro-3-azahexyl nitrate",,ONO2,C5H9N5O9,-31.1,1.617,-143.4,168,5.87,7.904,259.2,6031,21
O=[N+]([O-])OCC(CO[N+](=O)[O-])O[N+](=O)[O-],28,"1,2,3-propanetriol trinitrate",,ONO2,C3H5N3O9,3.5,1.73,-295.4,146,5.92,8.507,313.4,6714,20
O=[N+]([O-])OCCNc1c([N+](=O)[O-])cc([N+](=O)[O-])c(N(CCO[N+](=O)[O-])[N+](=O)[O-])c1[N+](=O)[O-],29,"Compound (1) in PEP 19,249 (1994)",,ONO2,C10H10N8O14,-37.7,1.719,8.8,283,5.8,7.916,270.3,6045,20
O=[N+]([O-])OCC(CO[N+](=O)[O-])(CO[N+](=O)[O-])CO[N+](=O)[O-],30,"2,2-bis(nitroxymethyl)-1,3-propanediol dinitrate",PETN,ONO2,C5H8N4O12,-10.1,1.697,-380.3,192,6.23,8.401,302,6794,13
O=[N+]([O-])OCCCN(CC([N+](=O)[O-])([N+](=O)[O-])[N+](=O)[O-])[N+](=O)[O-],31,"3-[N-(2,2,2-trintro-ethyl)nitramino]propyl nitrate",,ONO2,C5H8N6O11,-14.6,1.705,-77.6,200,6.3,8.438,305.6,6981,12
O=[N+]([O-])OCN(CN(CN(CN(CO[N+](=O)[O-])[N+](=O)[O-])[N+](=O)[O-])[N+](=O)[O-])[N+](=O)[O-],32,"1,9-dinitrato-2,4,6,8-tetranitrazanonane",,ONO2,C5H10N10O14,-3.7,1.742,-1.6,260,6.26,8.736,331.9,7395,10
O=[N+]([O-])OCCN(CC([N+](=O)[O-])([N+](=O)[O-])[N+](=O)[O-])[N+](=O)[O-],33,"N-(2,2,2-trinitroethyl)-nitraminoethyl nitrate",,ONO2,C4H6N6O11,0,1.767,-44.5,193,6.56,8.852,343.7,7698,7
O=[N+]([O-])OCC(O[N+](=O)[O-])C(CO[N+](=O)[O-])O[N+](=O)[O-],34,Erythritol tetranitrate,ETN,ONO2,C4H6N4O12,5.3,1.751,-369.1,189,5.76,8.49,314.4,6605,6
CN(C=O)[N+](=O)[O-],35,N-Nitro-N-methylformamide,,NNO2,C2H4N2O3,-46.1,1.484,-141.3,71,4.5,6.919,187.7,4056,320
COCN(CN(CN(COC)[N+](=O)[O-])[N+](=O)[O-])[N+](=O)[O-],36,"1,7-dimethoxy-2,4,6-trinitrazaheptane",,NNO2,C6H14N6O8,-59,1.487,-197.2,170,5.11,7.124,199.2,4790,166
CC(CCN(C(=O)OCC(COC(=O)N(CCC(C)([N+](=O)[O-])[N+](=O)[O-])[N+](=O)[O-])([N+](=O)[O-])[N+](=O)[O-])[N+](=O)[O-])([N+](=O)[O-])[N+](=O)[O-],37,"2,2-dinitropropanediol-bis-(5,5-dinitro-2-nitraza-hexanoate)",,NNO2,C13H18N10O20,-37.8,1.636,-793.9,356,5.03,7.494,234.8,5029,138
CN(CCN[N+](=O)[O-])[N+](=O)[O-],38,"N-methyl-N,N'-dinitro-1,2-ethanediamine",,NNO2,C3H8N4O4,-58.5,1.483,16.5,110,5.32,7.258,206.4,5108,114
O=C1NC2C(NC(=O)N2[N+](=O)[O-])N1[N+](=O)[O-],39,"1,4-dinitroglycoluril",,NNO2,C4H4N6O6,-27.6,1.883,-60.6,142,4.6,8.131,301.2,5785,100
CN(CCN(C(=O)C(=O)N(CCN(C)[N+](=O)[O-])[N+](=O)[O-])[N+](=O)[O-])[N+](=O)[O-],40,"N,N'-dinitro-N,N'-bis-(3-nitrazabutyl)-oxamide",,NNO2,C8H14N8O10,-54.4,1.556,-133.5,221,5.05,7.226,211.3,4845,90
O=[N+]([O-])N=C1NCN([N+](=O)[O-])CN1,41,"2-Nitroimino-5-nitrohexahydro-1,3,5-triazine",,NNO2,C3H6N6O4,-42.1,1.722,187.5,127,5.17,7.987,275.5,6078,80
CCC(CN(CC(CC)([N+](=O)[O-])[N+](=O)[O-])[N+](=O)[O-])([N+](=O)[O-])[N+](=O)[O-],42,"N-(2,2-dinitrobutyl)-N-2,2-trinitro-1-butanamine",,NNO2,C8H14N6O10,-58.7,1.531,-112.6,199,5.56,7.275,211.9,5155,80
CN(C(=O)C(=O)N(C)[N+](=O)[O-])[N+](=O)[O-],43,"N,N'-dimethyl-N,N'-dinitrooxamide",,NNO2,C4H6N4O6,-38.8,1.595,-199.8,126,4.8,7.32,220.4,4681,79
CC(CN(CCN(CC(C)([N+](=O)[O-])[N+](=O)[O-])[N+](=O)[O-])[N+](=O)[O-])([N+](=O)[O-])[N+](=O)[O-],44,"2,2,4,7,9,9-hexanitro-4,7-diazadecane",,NNO2,C8H14N8O12,-42.5,1.592,-82,233,5.7,7.663,241.2,5686,72
CCOC(=O)C12N([N+](=O)[O-])C(=O)N([N+](=O)[O-])C1(C(=O)OCC)N([N+](=O)[O-])C(=O)N2[N+](=O)[O-],45,"Compound (16) in PEP 39,90 (2014)",,NNO2,C10H10N8O14,-37.7,1.726,-625.2,244,4.53,7.461,240.7,4751,63
O=C1NC2C(N([N+](=O)[O-])CN2[N+](=O)[O-])N1[N+](=O)[O-],46,",4,6,8-tetraazabicyclo[3.3.0]octane-3-one",HK-55,NNO2,C4H5N7O7,-21.3,1.847,76.3,151,5.38,8.477,323.6,6717,61
O=[N+]([O-])NCCN(CCN(CCN[N+](=O)[O-])[N+](=O)[O-])[N+](=O)[O-],47,"N,N'-dinitro-N,N'-bis-[2-(nitroamino)ethyl]-1,2-ethanediamine",,NNO2,C6H14N8O8,-54,1.552,74.7,210,5.38,7.473,225.6,5438,53
CC(CCN(C(=O)OCC(C)([N+](=O)[O-])[N+](=O)[O-])[N+](=O)[O-])([N+](=O)[O-])[N+](=O)[O-],48,"2,2,6,9,9-pentanitro-4-oxa-5-oxo-6-azadecane",,NNO2,C8H12N6O12,-41.6,1.601,-482.3,218,5.03,7.382,224.7,4895,47
CC(CN(CCC(CCN(CC(C)([N+](=O)[O-])[N+](=O)[O-])[N+](=O)[O-])([N+](=O)[O-])[N+](=O)[O-])[N+](=O)[O-])([N+](=O)[O-])[N+](=O)[O-],49,"2,2,4,7,7,10,12,12-octanitro-4,10-diazatridecane",,NNO2,C11H18N10O16,-43.9,1.6,-144.4,304,5.68,7.638,240.5,5645,44
COCCN(CC([N+](=O)[O-])([N+](=O)[O-])[N+](=O)[O-])[N+](=O)[O-],50,trinitroethyl-2-methoxy-ethylnitramine,,NNO2,C5H9N5O9,-31.1,1.617,-140.5,168,5.88,7.907,259.5,6042,42
O=[N+]([O-])NCCN(CCN[N+](=O)[O-])[N+](=O)[O-],51,"N,N'-dinitro-N-[2-(nitroamino)ethyl]-1,2-ethanediamine",,NNO2,C4H10N6O6,-47,1.567,49.9,162,5.43,7.624,236.3,5630,39
CC(CCN(CC(CN(CCC(C)([N+](=O)[O-])[N+](=O)[O-])[N+](=O)[O-])([N+](=O)[O-])[N+](=O)[O-])[N+](=O)[O-])([N+](=O)[O-])[N+](=O)[O-],52,"2,2,5,7,7,9,12,12-octanitro-5,9-diazatridecane",,NNO2,C11H18N10O16,-43.9,1.6,-102.3,304,5.76,7.664,242.1,5721,37
CC(CCN(C(=O)C(=O)N(CCC(C)([N+](=O)[O-])[N+](=O)[O-])[N+](=O)[O-])[N+](=O)[O-])([N+](=O)[O-])[N+](=O)[O-],53,"N,N'-dinitro-N,N'-bis-(3,3-dintrobutyl)-oxamide-triazatetradecane",,NNO2,C10H14N8O14,-44.2,1.613,-366.2,267,5.18,7.431,228.8,5061,37
O=[N+]([O-])N1CCN([N+](=O)[O-])C2C1N([N+](=O)[O-])CCN2[N+](=O)[O-],54,"1,4,5,8-tetranitro-hexahydropyrazino[2,3:b]piperazine",,NNO2,C6H10N8O8,-44.7,1.716,273.2,172,5.9,8.114,283.7,6693,35
O=[N+]([O-])NCCC(CCN[N+](=O)[O-])([N+](=O)[O-])[N+](=O)[O-],55,"N,N'-3,3-tetranitro-1,5-pentanediamine",,NNO2,C5H10N6O8,-39.7,1.613,-52.1,186,5.53,7.761,249.5,5784,35
CCN(CC(=O)OCC([N+](=O)[O-])([N+](=O)[O-])[N+](=O)[O-])[N+](=O)[O-],56,"2,2,2-trinitroethyl-4-nitrazavalerate",,NNO2,C6H9N5O10,-33.4,1.631,-311.3,186,5.38,7.678,246,5431,35
O=[N+]([O-])NCCN[N+](=O)[O-],57,"N,N'-dinitro-1,2-ethanediamine",,NNO2,C2H6N4O4,-32,1.605,35.7,115,5.62,7.997,264.1,6156,34
CN(c1c([N+](=O)[O-])cc([N+](=O)[O-])cc1[N+](=O)[O-])[N+](=O)[O-],58,"2,4,6-Trinitrophenylmethylnitramine",Tetryl,NNO2,C7H5N5O8,-47.4,1.707,142.9,171,5.78,7.649,251.3,5563,32
O=[N+]([O-])N1CN([N+](=O)[O-])CN([N+](=O)[O-])CN([N+](=O)[O-])C1,59,cyclotetrametylene-tetranitramine,,NNO2,C4H8N8O8,-21.6,1.758,251.5,169,6.2,8.641,326.5,7483,29
O=C(CN(CCN(CC(=O)OCC([N+](=O)[O-])([N+](=O)[O-])[N+](=O)[O-])[N+](=O)[O-])[N+](=O)[O-])OCC([N+](=O)[O-])([N+](=O)[O-])[N+](=O)[O-],60,"bis-(2,2,2-trinitroethyl)-3,6-dintraza-1,8-octanedioate",,NNO2,C10H12N10O20,-16.2,1.735,-637.5,347,5.44,8.115,285.7,5986,29
O=C(CCN(CCC(=O)OCC([N+](=O)[O-])([N+](=O)[O-])[N+](=O)[O-])[N+](=O)[O-])OCC([N+](=O)[O-])([N+](=O)[O-])[N+](=O)[O-],61,"bis-(2,2,2-trinitroethyl)-4-nitraza-1,7-heptanedioate",,NNO2,C10H12N8O18,-24,1.703,-724.4,314,5.21,7.842,263.7,5503,29
CC(CN(CC(C)([N+](=O)[O-])[N+](=O)[O-])[N+](=O)[O-])([N+](=O)[O-])[N+](=O)[O-],62,"N-(2,2-nitropropyl)-N,2,2-trinitro-1-propanamine",,NNO2,C6H10N6O10,-34.3,1.615,-106.9,186,5.82,7.825,253.9,5903,29
O=[N+]([O-])N1CN([N+](=O)[O-])CN([N+](=O)[O-])C1,63,cyclotrimethylene-trinitramine,RDX,NNO2,C3H6N6O6,-21.6,1.757,186.2,129,6.18,8.63,325.6,7452,26
CC(CN(CC(=O)OCC([N+](=O)[O-])([N+](=O)[O-])[N+](=O)[O-])[N+](=O)[O-])([N+](=O)[O-])[N+](=O)[O-],64,"trinitroethyl-5,5-dinitro-3-nitrazahexanoate",,NNO2,C7H9N7O14,-17.3,1.712,-371,243,5.64,8.127,284.2,6116,25
COC(=O)C12N([N+](=O)[O-])C(=O)N([N+](=O)[O-])C1(C(=O)OC)N([N+](=O)[O-])C(=O)N2[N+](=O)[O-],65,"Compound (15) in PEP 39,90 (2014)",,NNO2,C8H6N8O14,-18.3,1.82,-465.6,230,5.01,8.073,291,5712,25
O=[N+]([O-])N(CC(CCN(CC([N+](=O)[O-])([N+](=O)[O-])[N+](=O)[O-])[N+](=O)[O-])([N+](=O)[O-])[N+](=O)[O-])CC(CCN(CC([N+](=O)[O-])([N+](=O)[O-])[N+](=O)[O-])[N+](=O)[O-])([N+](=O)[O-])[N+](=O)[O-],66,"1,1,1,3,6,6,8,10,10,13,15,15,15-tridecanitro-3,8,13-triazapentadecane",,NNO2,C12H16N16O26,-12,1.753,108,458,6.4,8.609,323.5,7319,23
CC(CCN(C(=O)OCC([N+](=O)[O-])([N+](=O)[O-])[N+](=O)[O-])[N+](=O)[O-])([N+](=O)[O-])[N+](=O)[O-],67,"2,2,2-trinitroethyl-2,5,5-trinitro-2-azahexanoate",,NNO2,C7H9N7O14,-17.3,1.712,-370.6,243,5.64,8.127,284.2,6116,22
O=C(NCCC([N+](=O)[O-])([N+](=O)[O-])[N+](=O)[O-])N(CCC([N+](=O)[O-])([N+](=O)[O-])[N+](=O)[O-])[N+](=O)[O-],68,"N-nitro-N,N'-bis-(trinitropropyl)-urea",,NNO2,C7H9N9O15,-12.2,1.757,-177.1,280,5.87,8.422,310.1,6707,21
Cc1c(N(C)[N+](=O)[O-])c([N+](=O)[O-])c([N+](=O)[O-])c([N+](=O)[O-])c1[N+](=O)[O-],69,"N-Methyl-2-amino-N,3,4,5,6-pentanitrotoluene",,NNO2,C8H6N6O10,-41.6,1.729,186.1,203,6.03,7.883,269,6048,21
CC(CCN(CC([N+](=O)[O-])([N+](=O)[O-])[N+](=O)[O-])[N+](=O)[O-])([N+](=O)[O-])[N+](=O)[O-],70,"2,2,2-trinitroethyl-3,3-dinitrobutyl nitramine",,NNO2,C6H9N7O12,-19.4,1.692,-51.3,217,6.19,8.294,293.8,6716,20
O=[N+]([O-])N1CN([N+](=O)[O-])C2C1C1C2N([N+](=O)[O-])CN1[N+](=O)[O-],71,"Compound (2) in JOC 61,9340 (1996)",,NNO2,C6H8N8O8,-40,1.761,490.2,163,6.5,8.419,310.3,7485,19
O=[N+]([O-])N(CCN(CCN(CC([N+](=O)[O-])([N+](=O)[O-])[N+](=O)[O-])[N+](=O)[O-])[N+](=O)[O-])CCN(CC([N+](=O)[O-])([N+](=O)[O-])[N+](=O)[O-])[N+](=O)[O-],72,"1,1,1,3,6,9,12,14,14,14-decanitro-3,6,9,12-tetraza-tetradecane",,NNO2,C10H16N14O20,-19.6,1.709,177.2,377,6.28,8.416,304.4,7017,19
O=C(OCC([N+](=O)[O-])([N+](=O)[O-])[N+](=O)[O-])N(CCN(CCN(CCN(C(=O)OCC([N+](=O)[O-])([N+](=O)[O-])[N+](=O)[O-])[N+](=O)[O-])[N+](=O)[O-])[N+](=O)[O-])[N+](=O)[O-],73,"1,1,1,18,18,18-hexanitro-3,16-dioxa-4,15-dioxo-5,8,11-14-tetranitrazaoctadecane",,NNO2,C12H16N14O24,-17.3,1.729,-451.1,429,5.68,8.219,292.4,6311,19
CCN(C(=O)OCC([N+](=O)[O-])([N+](=O)[O-])[N+](=O)[O-])[N+](=O)[O-],74,trinitroethyl-N-ethyl-N-nitro-carbamate,,NNO2,C5H7N5O10,-18.8,1.687,-328.2,179,5.45,7.989,272.1,5810,19
CC(CN(CN(C(=O)OCC([N+](=O)[O-])([N+](=O)[O-])[N+](=O)[O-])[N+](=O)[O-])[N+](=O)[O-])([N+](=O)[O-])[N+](=O)[O-],75,"2,2,2-Trinitroethyl-2,4,6,6-tetranitro-2,4-diazaheptanoate",,NNO2,C7H9N9O16,-8.4,1.751,-282.5,277,5.87,8.434,310.3,6669,18
Cc1c([N+](=O)[O-])c(N(C)[N+](=O)[O-])c([N+](=O)[O-])c([N+](=O)[O-])c1[N+](=O)[O-],76,"N-Methyl-3-amino-N,2,4,5,6-pentanitrotoluene",,NNO2,C8H6N6O10,-41.6,1.729,177.8,203,6,7.875,268.5,6025,18
NC(=O)CN(CC([N+](=O)[O-])([N+](=O)[O-])[N+](=O)[O-])[N+](=O)[O-],77,N-nitro-N-(trinitroethyl)-glycinamide,,NNO2,C4H6N6O9,-11.3,1.77,-138.9,182,5.62,8.437,312.6,6617,17
CN(C(=O)OCC([N+](=O)[O-])([N+](=O)[O-])[N+](=O)[O-])[N+](=O)[O-],78,N-methyl-N-nitro-(trinitroethyl)-carbamate,,NNO2,C4H5N5O10,-2.8,1.754,-286.2,172,5.73,8.428,310.2,6505,17
O=C(OCC([N+](=O)[O-])([N+](=O)[O-])[N+](=O)[O-])N(CCN(CCN(C(=O)OCC([N+](=O)[O-])([N+](=O)[O-])[N+](=O)[O-])[N+](=O)[O-])[N+](=O)[O-])[N+](=O)[O-],79,"bis-(trinitroethyl)-2,5,8-trinitrazanonanedioate",,NNO2,C10H12N12O22,-9.8,1.762,-526.7,381,5.66,8.355,305.7,6438,17
CC(CN(CCC([N+](=O)[O-])([N+](=O)[O-])[N+](=O)[O-])[N+](=O)[O-])([N+](=O)[O-])[N+](=O)[O-],80,"trinitropropyl-(2,2-dinitropropyl)-nitramine",,NNO2,C6H9N7O12,-19.4,1.692,-59.8,217,6.16,8.286,293.2,6690,17
O=C(OC#COC(=O)N(CCC([N+](=O)[O-])([N+](=O)[O-])[N+](=O)[O-])[N+](=O)[O-])N(CCC([N+](=O)[O-])([N+](=O)[O-])[N+](=O)[O-])[N+](=O)[O-],81,"1,4-bis-(5,5,5-trinitro-2-nitrazapentanoate)-2-butyne",,NNO2,C10H8N10O20,-10.9,1.771,-196.5,352,6.06,8.397,309.7,6658,16
CC(COC(=O)N(CCC([N+](=O)[O-])([N+](=O)[O-])[N+](=O)[O-])[N+](=O)[O-])([N+](=O)[O-])[N+](=O)[O-],82,"2,2-dinitropropyl-5,5,5-trinitro-2-nitrazapentanoate",,NNO2,C7H9N7O14,-17.3,1.712,-380.5,243,5.62,8.119,283.6,6090,16
N/C(=N/[N+](=O)[O-])NCC([N+](=O)[O-])([N+](=O)[O-])[N+](=O)[O-],83,trinitroethyl-nitroguanidine,,NNO2,C3H5N7O8,-3,1.82,104.4,183,6.02,8.882,352.3,7540,15
O=C(CN(CC([N+](=O)[O-])([N+](=O)[O-])[N+](=O)[O-])[N+](=O)[O-])N(CN(C(=O)CN(CC([N+](=O)[O-])([N+](=O)[O-])[N+](=O)[O-])[N+](=O)[O-])[N+](=O)[O-])[N+](=O)[O-],84,"Bis-(5,5,5-trinitro-3-nitrazapentanoyl)-methylenedinitramine",,NNO2,C9H10N14O22,-2.4,1.805,-13,391,6.23,8.773,342,7400,15
O=[N+]([O-])NC(CCN(CC([N+](=O)[O-])([N+](=O)[O-])[N+](=O)[O-])[N+](=O)[O-])(CCN(CC([N+](=O)[O-])([N+](=O)[O-])[N+](=O)[O-])[N+](=O)[O-])N[N+](=O)[O-],85,"bis-(5,5,5-trinitro-3-nitrazapentanoyl)-methylenedinitramine",,NNO2,C9H14N14O20,-12.5,1.75,205.6,381,6.39,8.647,326.1,7413,15
CN(CCN(C(=O)OCC([N+](=O)[O-])([N+](=O)[O-])[N+](=O)[O-])[N+](=O)[O-])[N+](=O)[O-],86,"2',2',2'-trinitroethyl-2,5-dinitrazahexanoate",,NNO2,C6H9N7O12,-19.4,1.69,-266.1,219,5.6,8.084,278.9,6069,15
O=[N+]([O-])N1CC([N+](=O)[O-])([N+](=O)[O-])CC([N+](=O)[O-])([N+](=O)[O-])C1,87,"1,3,3,5,5-pentanitropiperidine",,NNO2,C5H6N6O10,-15.5,1.799,-4.3,176,6.2,8.623,329.7,7302,14
O=C(CN(CC(=O)OCC([N+](=O)[O-])([N+](=O)[O-])[N+](=O)[O-])[N+](=O)[O-])OCC([N+](=O)[O-])([N+](=O)[O-])[N+](=O)[O-],88,"bis-(2,2,2-trinitroethyl)-3-nitrazaglutarate",,NNO2,C8H8N8O18,-6.3,1.781,-640.8,300,5.52,8.329,305.8,6254,14
O=[N+]([O-])N1C2C3N([N+](=O)[O-])C1C1N([N+](=O)[O-])C(C(N1[N+](=O)[O-])N3[N+](=O)[O-])N2[N+](=O)[O-],89,Hexanitrohexaazaisowurtzitane,HNIW or CL-20,NNO2,C6H6N12O12,-11,1.994,564.8,224,6.48,9.434,418.9,9040,13
O=[N+]([O-])NCN[N+](=O)[O-],90,"N,N'-dinitromethanediamine",,NNO2,CH4N4O4,0,1.743,61.2,108,6.1,8.925,346.5,7614,13
O=C(OCC([N+](=O)[O-])([N+](=O)[O-])[N+](=O)[O-])N(CN(CN(C(=O)OCC([N+](=O)[O-])([N+](=O)[O-])[N+](=O)[O-])[N+](=O)[O-])[N+](=O)[O-])[N+](=O)[O-],91,"bis-(trinitroethyl)-2,4,6-trinitrazaheptanedioate",,NNO2,C8H8N12O22,5.1,1.832,-435.3,368,5.31,8.513,324.9,6416,13
O=C(CCC([N+](=O)[O-])([N+](=O)[O-])[N+](=O)[O-])N(CN(C(=O)CCC([N+](=O)[O-])([N+](=O)[O-])[N+](=O)[O-])[N+](=O)[O-])[N+](=O)[O-],92,"N,N'-dinitromethylene-bis-(4,4,4-trinitro)-butyramide",,NNO2,C9H10N10O18,-14.6,1.753,-224.4,323,5.89,8.34,303.6,6576,13
O=C(CN(CC([N+](=O)[O-])([N+](=O)[O-])[N+](=O)[O-])[N+](=O)[O-])N1CN(C(=O)CN(CC([N+](=O)[O-])([N+](=O)[O-])[N+](=O)[O-])[N+](=O)[O-])CN(C(=O)CN(CC([N+](=O)[O-])([N+](=O)[O-])[N+](=O)[O-])[N+](=O)[O-])C1,93,"1,3,5-tris(1-oxo-5,5,5-trinitro-3-nitrazapentyl)-s-triazacyclohexane",,NNO2,C15H18N18O27,-21.8,1.753,-167.4,494,5.73,8.249,297,6453,13
O=[N+]([O-])N(CCN(CC([N+](=O)[O-])([N+](=O)[O-])[N+](=O)[O-])[N+](=O)[O-])CCN(CC([N+](=O)[O-])([N+](=O)[O-])[N+](=O)[O-])[N+](=O)[O-],94,"1,1,1,3,6,9,11,11,11-nonanitro-3,6,9-triazaundecane",,NNO2,C8H12N12O18,-11.3,1.744,146.6,330,6.43,8.638,324.7,7391,12
O=C(OCC([N+](=O)[O-])([N+](=O)[O-])[N+](=O)[O-])N(CCC(CCN(C(=O)OCC([N+](=O)[O-])([N+](=O)[O-])[N+](=O)[O-])[N+](=O)[O-])([N+](=O)[O-])[N+](=O)[O-])[N+](=O)[O-],95,"bis-(trinitroethyl)-5,5-dinitro-2,8-dintraza-nonanedioate",,NNO2,C11H12N12O24,-9.2,1.771,-616.9,405,5.7,8.372,307.8,6468,12
O=C1N([N+](=O)[O-])C2C(C3C2N([N+](=O)[O-])C(=O)N3[N+](=O)[O-])N1[N+](=O)[O-],96,"Compound (1) in JOC 61,9340 (1996)",,NNO2,C6H4N8O10,-18.4,1.894,235.3,183,6.06,8.723,347.8,7447,11
O=[N+]([O-])N(CCC([N+](=O)[O-])([N+](=O)[O-])[N+](=O)[O-])CC(CN(CCC([N+](=O)[O-])([N+](=O)[O-])[N+](=O)[O-])[N+](=O)[O-])([N+](=O)[O-])[N+](=O)[O-],97,"1,1,1,4,6,6,8,11,11,11-Decanitro-4,8-diazaundecane",,NNO2,C9H12N12O20,-10.5,1.755,41.4,353,6.4,8.627,325.1,7328,11
O=C(OCC([N+](=O)[O-])([N+](=O)[O-])[N+](=O)[O-])N(CCN(CN(C(=O)OCC([N+](=O)[O-])([N+](=O)[O-])[N+](=O)[O-])[N+](=O)[O-])[N+](=O)[O-])[N+](=O)[O-],98,"1,1,1,5,7,10,14,14,14-nonanitro-3,12-dioxa-4,11-dioxo-5,7,10-triazatetradecane",,NNO2,C9H10N12O22,-2.5,1.796,-479.7,374,5.8,8.571,325.4,6797,11
N#CCN(CC([N+](=O)[O-])([N+](=O)[O-])[N+](=O)[O-])[N+](=O)[O-],99,trinitroethyl-cyanomethylnitramine,,NNO2,C4H4N6O8,-12.1,1.737,216.2,173,6.46,8.507,314.2,7110,11
CC12N([N+](=O)[O-])C(=O)N([N+](=O)[O-])C1(C)N([N+](=O)[O-])C(=O)N2[N+](=O)[O-],100,"Compound (14) in PEP 39,90 (2014)",,NNO2,C6H6N8O10,-22.8,1.803,35.1,179,5.59,8.31,306.6,6516,11
CN(CCN(CC([N+](=O)[O-])([N+](=O)[O-])[N+](=O)[O-])[N+](=O)[O-])[N+](=O)[O-],101,"N-methyl-N'-trinitroethyl-N,N'-dinitro-1,2-ethanediamine",,NNO2,C5H9N7O10,-22,1.666,69.5,194,6.25,8.284,290.3,6791,11
O=[N+]([O-])N(CCC(CCN(CC([N+](=O)[O-])([N+](=O)[O-])[N+](=O)[O-])[N+](=O)[O-])([N+](=O)[O-])[N+](=O)[O-])CC([N+](=O)[O-])([N+](=O)[O-])[N+](=O)[O-],102,"1,1,1,3,6,6,9,11,11,11-decanitro-3,9-diazaundecane",,NNO2,C9H12N12O20,-10.5,1.755,73.7,353,6.46,8.645,326.5,7391,10
O=C(OCC([N+](=O)[O-])([N+](=O)[O-])[N+](=O)[O-])N(CN(C(=O)OCC([N+](=O)[O-])([N+](=O)[O-])[N+](=O)[O-])[N+](=O)[O-])[N+](=O)[O-],103,"bis-(trinitroethyl)-2,4-dinitrazapentanedioate",,NNO2,C7H6N10O20,8.7,1.851,-510.1,327,4.8,8.334,313.2,5851,10
CN(CC([N+](=O)[O-])([N+](=O)[O-])[N+](=O)[O-])[N+](=O)[O-],104,"methyl-2,2,2-trinitroethylnitramine",,NNO2,C3H5N5O8,-3.3,1.73,37.9,146,6.6,8.748,331.4,7567,9
CC(=O)ON([C@@H](CC([N+](=O)[O-])([N+](=O)[O-])[N+](=O)[O-])C([N+](=O)[O-])([N+](=O)[O-])[N+](=O)[O-])[N+](=O)[O-],105,"2,2,2-trinitroethyl-N-(2,2,2-trinitroethyl)-nitramino acetate",,NNO2,C6H6N8O16,3.6,1.807,-111.5,263,6.08,8.71,337.3,7154,9
O=C(OCC([N+](=O)[O-])([N+](=O)[O-])[N+](=O)[O-])N(CCC([N+](=O)[O-])([N+](=O)[O-])[N+](=O)[O-])[N+](=O)[O-],106,"N-nitro-N-(3,3,3-trinitropropyl)-2,2,2-trintroethyl carbamate",,NNO2,C6H6N8O16,3.6,1.82,-288.9,267,5.67,8.604,330.5,6755,9
O=C(C(=O)N(CCC([N+](=O)[O-])([N+](=O)[O-])[N+](=O)[O-])[N+](=O)[O-])N(CCC([N+](=O)[O-])([N+](=O)[O-])[N+](=O)[O-])[N+](=O)[O-],107,"N,N'-dinitro-N,N'-bis-(3,3,3-trinitropropyl)-oxamide",,NNO2,C8H8N10O18,-6,1.793,-184.9,316,6.05,8.59,326.5,6995,9
O=[N+]([O-])N1C(C([N+](=O)[O-])([N+](=O)[O-])[N+](=O)[O-])CCC1C([N+](=O)[O-])([N+](=O)[O-])[N+](=O)[O-],108,"1-nitro-2,5-bis-(trinitromethyl)-pyrrolidine",,NNO2,C6H6N8O14,-3.9,1.827,124.4,238,6.7,8.956,359,8020,6
O=[N+]([O-])N(CCC([N+](=O)[O-])([N+](=O)[O-])[N+](=O)[O-])CC([N+](=O)[O-])([N+](=O)[O-])[N+](=O)[O-],109,"2,2,2-trinitroethyl-3',3',3'-trinitropropylnitramine",,NNO2,C5H6N8O14,4,1.812,41.2,241,6.2,8.829,347.2,7463,6
O=[N+]([O-])N(CN(CC([N+](=O)[O-])([N+](=O)[O-])[N+](=O)[O-])[N+](=O)[O-])CC([N+](=O)[O-])([N+](=O)[O-])[N+](=O)[O-],110,"N,N'-bis-(2,2,2-trinitroethyl)-N,N'-dinitromethanediamine",,NNO2,C5H6N10O16,10.4,1.843,136.1,275,5.53,8.702,340.7,6881,5
O=[N+]([O-])N(CC([N+](=O)[O-])([N+](=O)[O-])[N+](=O)[O-])CC([N+](=O)[O-])([N+](=O)[O-])[N+](=O)[O-],111,"bis-(2,2,2-trinitroethyl)-nitramine",BTNNA,NNO2,C4H4N8O14,16.5,1.873,92,235,4.93,8.525,330,6249,5
C[N+](=O)[O-],112,Nitromethane,NM,CNO2,CH3NO2,-39.3,1.421,-81.2,48,5.44,7.271,201.1,4880,320
CC(COC(=O)OCC(C)([N+](=O)[O-])[N+](=O)[O-])([N+](=O)[O-])[N+](=O)[O-],113,"bis-(2,2-dinitropropyl)-carbonate",,CNO2,C7H10N4O11,-39.2,1.599,-702.2,186,4.6,7.201,213.7,4402,300
CC(C)(COC(=O)CCC([N+](=O)[O-])([N+](=O)[O-])[N+](=O)[O-])[N+](=O)[O-],114,"nitroisobutyl-4,4,4-trinitrobutyrate",,CNO2,C8H12N4O10,-59.2,1.535,-505.5,185,4.77,6.92,192.1,4246,279
O=[N+]([O-])C12CC3([N+](=O)[O-])CC([N+](=O)[O-])(C1)CC([N+](=O)[O-])(C2)C3,115,"1,3,5,7-Tetranitroadamantane",,CNO2,C10H12N4O8,-91.1,1.681,-245,152,4.58,6.845,199.3,4502,240
CC(COC(=O)C(=O)OCC(C)([N+](=O)[O-])[N+](=O)[O-])([N+](=O)[O-])[N+](=O)[O-],116,"bis-(2,2-dinitropropyl)-oxalate",,CNO2,C8H10N4O12,-40.7,1.612,-807.2,203,4.45,7.109,209.3,4193,227
CC(COC(=O)c1c([N+](=O)[O-])cc([N+](=O)[O-])cc1[N+](=O)[O-])([N+](=O)[O-])[N+](=O)[O-],117,"2',2'-dinitropropyl-2,4,6-trinitrobenzoate",,CNO2,C10H7N5O12,-47.3,1.699,-340.7,227,5.01,7.315,229.1,4661,214
CC(COC(=O)CCC([N+](=O)[O-])([N+](=O)[O-])[N+](=O)[O-])([N+](=O)[O-])[N+](=O)[O-],118,"2,2-dinitropropyl-trinitrobutyrate",,CNO2,C7H9N5O12,-29.3,1.661,-489.2,209,5.25,7.695,250,5331,151
CCC(CCC(=O)OCC([N+](=O)[O-])([N+](=O)[O-])[N+](=O)[O-])([N+](=O)[O-])[N+](=O)[O-],119,"2,2,2-trinitroethyl-4,4-dinitrohexanoate",,CNO2,C8H11N5O12,-41.2,1.616,-500.3,216,5.13,7.424,228.6,4974,138
CC(=O)CCC([N+](=O)[O-])([N+](=O)[O-])[N+](=O)[O-],120,"5,5,5-trinitropentan-2-one",,CNO2,C5H7N3O7,-47,1.582,-229,136,5.29,7.33,219.8,4939,125
O=C(CCC([N+](=O)[O-])([N+](=O)[O-])[N+](=O)[O-])OCCOC(=O)CCC([N+](=O)[O-])([N+](=O)[O-])[N+](=O)[O-],121,"ethylene-bis-(4,4,4-trinitrobutyrate)",,CNO2,C10H12N6O16,-33.9,1.664,-795.8,280,4.96,7.519,238.9,4963,120
O=C(CCC([N+](=O)[O-])([N+](=O)[O-])[N+](=O)[O-])NCNC(=O)CCC([N+](=O)[O-])([N+](=O)[O-])[N+](=O)[O-],122,"methylene-bis-(4,4,4-trinitrobutyramide)",,CNO2,C9H12N8O14,-35.1,1.674,-443.4,284,5.04,7.635,247.3,5242,113
CC(C)NC(=O)C([N+](=O)[O-])([N+](=O)[O-])[N+](=O)[O-],123,N-(2-propyl)-trinitroacetamide,,CNO2,C5H8N4O7,-47.4,1.564,-210.5,146,5.09,7.272,214.7,4813,112
O=[N+]([O-])C(CO)(CO)[N+](=O)[O-],124,"2,2-dinitro-1,3-propane-diol",,CNO2,C3H6N2O6,-28.9,1.712,-431.8,134,4.51,7.74,257.7,5156,110
CC(C)(C)NC(=O)C([N+](=O)[O-])([N+](=O)[O-])[N+](=O)[O-],125,N-(t-butyl)-trinitroacetamide,,CNO2,C6H10N4O7,-64,1.502,-228.9,145,4.91,6.892,187.7,4331,110
O=[N+]([O-])c1cccc(C([N+](=O)[O-])[N+](=O)[O-])c1,126,1-dinitromethyl-3-nitrobenzene,,CNO2,C7H5N3O6,-74,1.61,32.6,138,5.23,6.831,193.1,4118,105
CCC(CNC(=O)CCC([N+](=O)[O-])([N+](=O)[O-])[N+](=O)[O-])([N+](=O)[O-])[N+](=O)[O-],127,"2,2-dinitrobutyl-4,4,4-trinitrobutyramide",,CNO2,C8H12N6O11,-47.8,1.598,-324.2,221,5.13,7.36,223.1,4980,101
CCOC(=O)OCC([N+](=O)[O-])([N+](=O)[O-])[N+](=O)[O-],128,"ethyl-2,2,2-trinitroethylcarbonate",,CNO2,C5H7N3O9,-28.4,1.634,-585.1,154,4.7,7.429,230.6,4672,81
CCC([N+](=O)[O-])([N+](=O)[O-])C(CC)([N+](=O)[O-])[N+](=O)[O-],129,"3,3,4,4-tetranitrohexane",,CNO2,C6H10N4O8,-54.1,1.536,-103.8,152,5.8,7.376,218.3,5329,80
O=C(OCC([N+](=O)[O-])([N+](=O)[O-])[N+](=O)[O-])c1cc([N+](=O)[O-])cc([N+](=O)[O-])c1,130,"2',2',2'-trinitroethyl-3,5-dinitrobenzoate",,CNO2,C9H5N5O12,-36.3,1.75,-290.4,223,5.23,7.612,252.7,5093,73
CC(CNC(=O)CCC([N+](=O)[O-])([N+](=O)[O-])[N+](=O)[O-])([N+](=O)[O-])[N+](=O)[O-],131,"2,2-dinitropropyl-4,4,4-trinitrobutyramide",,CNO2,C7H10N6O11,-36.1,1.642,-291.2,214,5.32,7.653,245.4,5400,72
CC(CN(CC(C)([N+](=O)[O-])[N+](=O)[O-])C(=O)CCC([N+](=O)[O-])([N+](=O)[O-])[N+](=O)[O-])([N+](=O)[O-])[N+](=O)[O-],132,"N,N-bis-(2,2-dinitropropyl)-4,4,4-trinitrobutyramide",,CNO2,C10H14N8O15,-39.5,1.627,-311.5,274,5.51,7.632,242.7,5472,72
CC(CCC(=O)OCC([N+](=O)[O-])([N+](=O)[O-])[N+](=O)[O-])([N+](=O)[O-])[N+](=O)[O-],133,"2,2,2-trinitroethyl-4,4-dinitrovalerate",,CNO2,C7H9N5O12,-29.3,1.661,-440.7,209,5.39,7.744,253.2,5468,70
O=C(CCC(CCC(=O)OCC([N+](=O)[O-])([N+](=O)[O-])[N+](=O)[O-])([N+](=O)[O-])[N+](=O)[O-])OCC([N+](=O)[O-])([N+](=O)[O-])[N+](=O)[O-],134,"bis-(2,2,2-trinitroethyl)-4,4-dinitroheptanedioate",,CNO2,C11H12N8O20,-22.2,1.717,-792.4,337,5.34,7.912,269.8,5635,68
O=[N+]([O-])C1([N+](=O)[O-])COC2(OC1)OCC([N+](=O)[O-])([N+](=O)[O-])CO2,135,"3,3,9,9-tetranitro-1,5,7,11-tetraoxaspiro-(5.5)-undecane",,CNO2,C7H8N4O12,-28.2,1.784,-721.4,175,4.84,7.871,273.3,5452,66
O=[N+]([O-])C(F)(COCOCC(F)([N+](=O)[O-])[N+](=O)[O-])[N+](=O)[O-],136,"bis(2-fluoro-2,2-dinitroethyl)formal",FEFO,CNO2,C5H6N4O10F2,-10,1.774,-775.6,171,5.18,8.247,299.1,6036,60
CC(CC(CC(C)([N+](=O)[O-])[N+](=O)[O-])[N+](=O)[O-])([N+](=O)[O-])[N+](=O)[O-],137,"2,2,4,6,6-pentanitroheptane",,CNO2,C7H11N5O10,-46.7,1.571,-226.8,186,5.54,7.443,225.6,5252,56
O=C(CCC([N+](=O)[O-])([N+](=O)[O-])[N+](=O)[O-])OCC(COC(=O)CCC([N+](=O)[O-])([N+](=O)[O-])[N+](=O)[O-])([N+](=O)[O-])[N+](=O)[O-],138,"2,2-Dinitropropane-1,3-diol-bis-(4,4,4-trinitrobutyrate)",,CNO2,C11H12N8O20,-22.2,1.717,-817.8,337,5.29,7.895,268.7,5587,50
O=C(NCCC([N+](=O)[O-])([N+](=O)[O-])[N+](=O)[O-])C(=O)NCCC([N+](=O)[O-])([N+](=O)[O-])[N+](=O)[O-],139,"N,N'-bis-(3,3,3-trinitropropyl)-oxamide",,CNO2,C8H10N8O14,-25.3,1.717,-394,277,5.22,7.91,269.7,5661,45
O=C(OCC([N+](=O)[O-])([N+](=O)[O-])[N+](=O)[O-])c1cc([N+](=O)[O-])cc([N+](=O)[O-])c1O,140,"2',2',2'-trinitroethyl-3,5-dinitrosalicylate",,CNO2,C9H5N5O13,-30.7,1.806,-474.9,247,4.98,7.75,267,5210,45
NC(=O)CCC([N+](=O)[O-])([N+](=O)[O-])[N+](=O)[O-],141,"4,4,4-trinitrobutyramide",,CNO2,C4H6N4O7,-28.8,1.694,-236.8,149,5.07,7.814,261,5500,40
O=C(CCC([N+](=O)[O-])([N+](=O)[O-])[N+](=O)[O-])CCC([N+](=O)[O-])([N+](=O)[O-])[N+](=O)[O-],142,"1,1,1,7,7,7-hexanitroheptan-4-one",,CNO2,C7H8N6O13,-20.8,1.718,-228.5,232,5.93,8.167,287.6,6339,34
C[C@@H](CC([N+](=O)[O-])([N+](=O)[O-])[N+](=O)[O-])[N+](=O)[O-],143,"1,1,1,3-tetranitrobutane",,CNO2,C4H6N4O8,-20.2,1.664,-100.8,146,6.14,8.168,282,6453,33
O=C(CCC(CC(CC(CCC(=O)OCC([N+](=O)[O-])([N+](=O)[O-])[N+](=O)[O-])([N+](=O)[O-])[N+](=O)[O-])([N+](=O)[O-])[N+](=O)[O-])([N+](=O)[O-])[N+](=O)[O-])OCC([N+](=O)[O-])([N+](=O)[O-])[N+](=O)[O-],144,"bis-(2,2,2-trinitroethyl)-4,4,6,6,8,8-hexanitro-undecanedioate",,CNO2,C15H16N12O28,-19.7,1.734,-766.9,465,5.71,8.124,286.2,6141,32
O=[N+]([O-])c1ccc(CC([N+](=O)[O-])([N+](=O)[O-])[N+](=O)[O-])c([N+](=O)[O-])c1,145,"1-(2,2,2-Trinitroethyl)-2,4,6-trinitrobenzene",,CNO2,C8H5N5O10,-41.1,1.732,66.2,197,5.89,7.777,262.1,5713,31
O=[N+]([O-])c1ccc(CCC([N+](=O)[O-])([N+](=O)[O-])[N+](=O)[O-])c([N+](=O)[O-])c1,146,"1-(3,3,3-trinitropropyl)-2,4-dinitrobenzene",,CNO2,C9H7N5O10,-53.3,1.677,17.5,204,5.62,7.44,235.1,5181,31
O=C(CCC(=O)OCC([N+](=O)[O-])([N+](=O)[O-])[N+](=O)[O-])OCC([N+](=O)[O-])([N+](=O)[O-])[N+](=O)[O-],147,"bis-(2,2,2-trinitroethyl)-succinate",,CNO2,C8H8N6O16,-14.4,1.746,-675.6,266,5.37,8.064,283.2,5807,30
O=C(CCC([N+](=O)[O-])([N+](=O)[O-])[N+](=O)[O-])OC(=O)CCC([N+](=O)[O-])([N+](=O)[O-])[N+](=O)[O-],148,"4,4,4-trinitrobutyric anhydride",,CNO2,C8H8N6O15,-18.7,1.735,-575.2,257,5.37,7.989,276.8,5728,30
O=[N+]([O-])C1([N+](=O)[O-])CN(CCC([N+](=O)[O-])([N+](=O)[O-])[N+](=O)[O-])CC([N+](=O)[O-])([N+](=O)[O-])C1,149,"N-(trinitropropyl)-3,3,5,5-tetranitro-piperdine",,CNO2,C8H10N8O14,-25.3,1.744,-31,246,6.11,8.317,301,6811,29
CC(CC(CC(C)([N+](=O)[O-])[N+](=O)[O-])([N+](=O)[O-])[N+](=O)[O-])([N+](=O)[O-])[N+](=O)[O-],150,"2,2,4,4,6,6-hexanitroheptane",,CNO2,C7H10N6O12,-30.3,1.645,-152.4,209,6.01,7.95,265.2,6123,29
COC(=O)OCC([N+](=O)[O-])([N+](=O)[O-])[N+](=O)[O-],151,"methyl-2,2,2-trinitro-ethyl carbonate",,CNO2,C4H5N3O9,-10,1.706,-550.8,147,4.96,7.881,266.6,5288,28
O=C(NCNC(=O)OCC([N+](=O)[O-])([N+](=O)[O-])[N+](=O)[O-])OCC([N+](=O)[O-])([N+](=O)[O-])[N+](=O)[O-],152,methylene-bis-(trinitroethyl)-carbamate,,CNO2,C7H8N8O16,-7,1.788,-695.7,288,5.09,8.229,299.2,5910,27
O=C(NCC([N+](=O)[O-])([N+](=O)[O-])[N+](=O)[O-])NC(=O)NCC([N+](=O)[O-])([N+](=O)[O-])[N+](=O)[O-],153,"1,5-bis-(trinitroethyl)-biuret",,CNO2,C6H7N9O14,-5.6,1.815,-311.7,278,5.41,8.484,320.9,6503,24
O=C(OC([N+](=O)[O-])([N+](=O)[O-])[N+](=O)[O-])c1c([N+](=O)[O-])cc([N+](=O)[O-])cc1[N+](=O)[O-],154,"2',2',2'-trinitroethyl-2,4,6-trinitrobenzoate",,CNO2,C8H2N6O14,-11.8,1.872,-175.1,244,5.86,8.412,321.2,6488,24
O=C(OCC([N+](=O)[O-])([N+](=O)[O-])[N+](=O)[O-])c1c([N+](=O)[O-])cc([N+](=O)[O-])cc1[N+](=O)[O-],155,"2',2',2'-Trinitroethyl-2,4,6-trinitrobenzoate",,CNO2,C9H4N6O14,-22.8,1.813,-245.7,251,5.59,8.062,289.5,5883,24
O=C(NCCC([N+](=O)[O-])([N+](=O)[O-])[N+](=O)[O-])NCCC([N+](=O)[O-])([N+](=O)[O-])[N+](=O)[O-],156,bis-(trinitropropyl)-urea,,CNO2,C7H10N8O13,-23.2,1.712,-224.3,260,5.55,8.09,281.6,6112,23
O=[N+]([O-])c1cc([N+](=O)[O-])c(CCC([N+](=O)[O-])([N+](=O)[O-])[N+](=O)[O-])c([N+](=O)[O-])c1,157,"1-(3,3,3-trinitropropyl)-2,4,6-trinitrobenzene",,CNO2,C9H6N6O12,-36.9,1.748,39.4,232,5.9,7.904,272.3,5942,21
CC(NC(=O)NC(C)C([N+](=O)[O-])([N+](=O)[O-])[N+](=O)[O-])C([N+](=O)[O-])([N+](=O)[O-])[N+](=O)[O-],158,"bis-(1,1,1-trinitro-2-propyl)-urea",,CNO2,C7H10N8O13,-23.2,1.688,-192.6,251,5.65,8.046,276.1,6068,19
O=[N+]([O-])C1([N+](=O)[O-])CN(CC([N+](=O)[O-])([N+](=O)[O-])[N+](=O)[O-])CC([N+](=O)[O-])([N+](=O)[O-])C1,159,"N-(2,2,2-trinitroethyl)-3,3,5,5-tetranitro-piperidine",,CNO2,C7H8N8O14,-14.9,1.793,-8.3,240,6.27,8.614,328.4,7304,18
O=C(CCC([N+](=O)[O-])([N+](=O)[O-])[N+](=O)[O-])OCC([N+](=O)[O-])([N+](=O)[O-])[N+](=O)[O-],160,"2,2,2-trinitroethyl-4,4,4-trinitrobutyrate",,CNO2,C6H6N6O14,-4.1,1.784,-395.9,233,5.85,8.484,317.6,6663,18
O=C(CCC([N+](=O)[O-])([N+](=O)[O-])[N+](=O)[O-])NCC([N+](=O)[O-])([N+](=O)[O-])[N+](=O)[O-],161,"N-trinitroethyl-4,4,4-trinitrobutyramide",,CNO2,C6H7N7O13,-10.4,1.767,-219.2,239,5.86,8.43,311.8,6677,18
NC(=O)OCC([N+](=O)[O-])([N+](=O)[O-])[N+](=O)[O-],162,"2,2,2-trinitroethyl carbamate",,CNO2,C3H4N4O8,0,1.82,-386.3,150,5.03,8.418,316.4,6125,18
O=C(NCC([N+](=O)[O-])([N+](=O)[O-])[N+](=O)[O-])NCC([N+](=O)[O-])([N+](=O)[O-])[N+](=O)[O-],163,"N,N'-bis-(2,2,2-trinitroethyl)-urea",,CNO2,C5H6N8O13,0,1.822,-187,246,5.85,8.736,341,7109,17
O=[N+]([O-])C(COCOCC([N+](=O)[O-])([N+](=O)[O-])[N+](=O)[O-])([N+](=O)[O-])[N+](=O)[O-],164,bis-(trinitroethoxy)-methane,,CNO2,C5H6N6O14,4.3,1.796,-327.1,225,5.72,8.576,325.9,6737,17
O=[N+]([O-])C(C/C=C/CC([N+](=O)[O-])([N+](=O)[O-])[N+](=O)[O-])([N+](=O)[O-])[N+](=O)[O-],165,"1,1,1,6,6,6-hexanitro-3-hexene",,CNO2,C6H6N6O12,-13.6,1.736,34.1,212,6.55,8.473,311.6,7076,17
O=C(OCC([N+](=O)[O-])([N+](=O)[O-])[N+](=O)[O-])OCC([N+](=O)[O-])([N+](=O)[O-])[N+](=O)[O-],166,"bis-(2,2,2-trinitroethyl)-carbonate",,CNO2,C5H4N6O15,12.4,1.855,-506.6,235,4.4,8.143,299.4,5339,16
O=C(OCC([N+](=O)[O-])([N+](=O)[O-])[N+](=O)[O-])C(=O)OCC([N+](=O)[O-])([N+](=O)[O-])[N+](=O)[O-],167,bis-(trinitroethyl)-oxalate,,CNO2,C6H4N6O16,7.7,1.85,-638.5,252,4.7,8.203,303.4,5560,15
CC(COC(=O)OCC([N+](=O)[O-])([N+](=O)[O-])[N+](=O)[O-])([N+](=O)[O-])[N+](=O)[O-],168,"trinitroethyl-2,2-dinitropropylcarbonate",,CNO2,C6H7N5O13,-11.2,1.728,-608.3,211,5.31,8.065,281.4,5760,15
O=C(/C=C/C(=O)OCC([N+](=O)[O-])([N+](=O)[O-])[N+](=O)[O-])OCC([N+](=O)[O-])([N+](=O)[O-])[N+](=O)[O-],169,bis-(trinitroethyl)-fumarate,,CNO2,C8H6N6O16,-10.9,1.765,-585.8,263,5.51,8.133,289.9,5899,14
O=C(NCC([N+](=O)[O-])([N+](=O)[O-])[N+](=O)[O-])C(=O)NCC([N+](=O)[O-])([N+](=O)[O-])[N+](=O)[O-],170,bis-(trinitroethyl)-oxamide,,CNO2,C6H6N8O14,-3.9,1.82,-321.2,263,5.57,8.527,324.7,6619,13
O=[N+]([O-])c1cc([N+](=O)[O-])c(CC([N+](=O)[O-])([N+](=O)[O-])[N+](=O)[O-])c([N+](=O)[O-])c1,171,"1-(2,2,2-trinitroethyl)-2,4,6-trinitrobenzene",,CNO2,C8H4N6O12,-25.5,1.804,91.7,225,6.16,8.242,301.7,6519,13
O=C(NCNC(=O)C([N+](=O)[O-])([N+](=O)[O-])[N+](=O)[O-])C([N+](=O)[O-])([N+](=O)[O-])[N+](=O)[O-],172,"methylene-bis-N'N'-(2,2,2-trinitroacetamide)",,CNO2,C5H4N8O14,8,1.883,-210.4,257,4.96,8.503,329.3,6214,9
O=[N+]([O-])C(CC([N+](=O)[O-])([N+](=O)[O-])[N+](=O)[O-])CC([N+](=O)[O-])([N+](=O)[O-])[N+](=O)[O-],173,"1,1,1,3,5,5,5-heptanitropentane",,CNO2,C5H5N7O14,6.2,1.825,-42.4,235,5.93,8.723,340.3,7108,8
O=[N+]([O-])C(CC#CCC([N+](=O)[O-])([N+](=O)[O-])[N+](=O)[O-])([N+](=O)[O-])[N+](=O)[O-],174,"1,1,1,6,6,6-Hexanitro-3-hexyne",,CNO2,C6H4N6O12,-9.1,1.772,205.1,219,6.92,8.66,329.5,7499,7
O=[N+]([O-])C(COC(OCC([N+](=O)[O-])([N+](=O)[O-])[N+](=O)[O-])OCC([N+](=O)[O-])([N+](=O)[O-])[N+](=O)[O-])([N+](=O)[O-])[N+](=O)[O-],175,"tris-(2,2,2-trinitroethyl)-orthoformate",,CNO2,C7H7N9O21,10.1,1.836,-468.1,325,5.08,8.421,318.3,6138,7
O=[N+]([O-])C(COC(OCC([N+](=O)[O-])([N+](=O)[O-])[N+](=O)[O-])(OCC([N+](=O)[O-])([N+](=O)[O-])[N+](=O)[O-])OCC([N+](=O)[O-])([N+](=O)[O-])[N+](=O)[O-])([N+](=O)[O-])[N+](=O)[O-],176,"tetrakis-(2,2,2-trinitroethyl)-orthocarbonate",,CNO2,C9H8N12O28,13.1,1.862,-627.4,421,4.73,8.339,314.7,5821,7
O=C(OCC([N+](=O)[O-])([N+](=O)[O-])[N+](=O)[O-])C(OCC([N+](=O)[O-])([N+](=O)[O-])[N+](=O)[O-])OCC([N+](=O)[O-])([N+](=O)[O-])[N+](=O)[O-],177,trinitroethyl-bis-(trinitroethoxy)-acetate,,CNO2,C8H7N9O22,6.9,1.834,-625.3,342,5.21,8.427,318.6,6202,6
O=[N+]([O-])c1cc([N+](=O)[O-])c(Nn2cnnc2)c([N+](=O)[O-])c1,178,"4-picrylamino-1,2,4-triazole",,5mArN,C8H5N7O6,-67.8,1.697,474.4,177,5.39,7.256,225.3,4981,314
O=[N+]([O-])c1cc([N+](=O)[O-])c(-c2cnc([N+](=O)[O-])[nH]2)c([N+](=O)[O-])c1,179,2-Nitro-1-picryl-imidazole,,5mArN,C9H4N6O8,-59.2,1.756,232.2,196,5.24,7.343,235.6,4864,312
O=c1[nH]nc([N+](=O)[O-])[nH]1,180,"3-nitro-1,2,4-triazol-5-one",NTO,5mArN,C2H2N4O3,-24.6,1.892,-11.2,99,4.04,7.961,289.5,5183,291
Cn1nc([N+](=O)[O-])c(Nc2c([N+](=O)[O-])cc([N+](=O)[O-])cc2[N+](=O)[O-])c1[N+](=O)[O-],181,"3,5-dinitro-1-methyl-4-picrylaminopyrazole",,5mArN,C10H6N8O10,-52.2,1.746,291.6,233,5.43,7.563,249.1,5344,274
O=[N+]([O-])c1cc([N+](=O)[O-])c(Nc2n[nH]c(Nc3c([N+](=O)[O-])cc([N+](=O)[O-])cc3[N+](=O)[O-])n2)c([N+](=O)[O-])c1,182,"3,5-bispicrylamino-1,2,4-triazole",,5mArN,C14H7N11O12,-59.9,1.769,417.3,317,5.02,7.351,237.2,4890,240
Nc1n[nH]c(Nc2c([N+](=O)[O-])cc([N+](=O)[O-])cc2[N+](=O)[O-])n1,183,"3-amino-5-picrylamino-1,2,4-triazole",,5mArN,C8H6N8O6,-67.1,1.747,320.8,202,4.63,7.209,226.4,4730,230
O=[N+]([O-])c1cc([N+](=O)[O-])c(-n2nccn2)c([N+](=O)[O-])c1,184,"2-picryl-1,2,3-triazole",,5mArN,C8H4N6O6,-68.5,1.701,396.4,162,5.37,7.166,220,4714,200
O=[N+]([O-])c1cc([N+](=O)[O-])c(-c2[nH]cnc2[N+](=O)[O-])c([N+](=O)[O-])c1,186,4-nitro-1-picrylimidazole,,5mArN,C9H4N6O8,-59.2,1.756,224.9,196,5.22,7.336,235.2,4844,161
Nn1nc([N+](=O)[O-])cc1[N+](=O)[O-],187,"1-Amino-3,5-dinitropyrazole",DNPA,5mArN,C3H3N5O4,-32.4,1.811,297.7,114,6,8.423,315.9,7099,158
Cn1c([N+](=O)[O-])nnc1[N+](=O)[O-],188,"4-methyl-3,5-dinitro-1,2,4-triazole",,5mArN,C3H3N5O4,-32.4,1.726,258.2,106,5.82,8.082,282.5,6333,155
Cn1nc([N+](=O)[O-])nc1[N+](=O)[O-],189,"1-Methyl-3,5-dinitro-1,2,4-triazole",,5mArN,C3H3N5O4,-32.4,1.726,212.9,106,5.56,7.991,276.1,6050,155
O=[N+]([O-])c1n[nH]c(-c2nc([N+](=O)[O-])n[nH]2)n1,190,"5,5'-dinitro-3,3'-bi-1,2,4-triazole",,5mArN,C4H2N8O4,-35.4,1.89,425.2,150,4.9,8.115,300.6,5999,153
O=[N+]([O-])c1cc([N+](=O)[O-])c(Nc2nn(-c3c([N+](=O)[O-])cc([N+](=O)[O-])cc3[N+](=O)[O-])cc2[N+](=O)[O-])c([N+](=O)[O-])c1,191,4-Nitro-1-picryl-3-picrylaminopyrazole,,5mArN,C15H6N10O14,-55.2,1.776,416.4,318,5.43,7.49,246.9,5124,149
O=[N+]([O-])c1cc([N+](=O)[O-])c(-n2nc(-c3nc([N+](=O)[O-])n(-c4c([N+](=O)[O-])cc([N+](=O)[O-])cc4[N+](=O)[O-])n3)nc2[N+](=O)[O-])c([N+](=O)[O-])c1,192,"N,N'-dipicryl-5,5'-dinitro-3,3'-bi-1,2,4-triazole",,5mArN,C16H4N14O16,-44.4,1.836,751.4,366,5.59,7.831,275.3,5692,138
Nc1c([N+](=O)[O-])c(N)c2c(no[n+]2[O-])c1[N+](=O)[O-],193,"5,7-Diamino-4,6-dinitrobenzofuroxan",CL-14,5mArN,C6H4N6O6,-50,1.915,232.2,166,5.22,8.085,300.7,6304,120
Nc1nonc1Nc1c([N+](=O)[O-])cc([N+](=O)[O-])cc1[N+](=O)[O-],194,3-amino-4-picrylaminofurazan,,5mArN,C8H5N7O7,-59.1,1.771,330.8,196,5.22,7.513,248,5316,120
Cn1nc([N+](=O)[O-])c(-c2c([N+](=O)[O-])cc([N+](=O)[O-])cc2[N+](=O)[O-])c1[N+](=O)[O-],195,"3,5-dinitro-1-methyl-4-picrylpyrazole",,5mArN,C10H5N7O10,-52.2,1.751,267.9,219,5.56,7.555,249,5301,118
O=[N+]([O-])c1cc([N+](=O)[O-])c(-n2cc([N+](=O)[O-])cn2)c([N+](=O)[O-])c1,196,4-nitro-1-picrylpyrazole,,5mArN,C9H4N6O8,-59.2,1.735,314.7,187,5.53,7.379,236.2,4994,112
O=[N+]([O-])c1c[nH]c([N+](=O)[O-])n1,197,"2,4-dinitroimidazole",,5mArN,C3H2N4O4,-30.4,1.801,121.2,107,5.35,8.043,287.1,5984,105
Nc1c([N+](=O)[O-])cc([N+](=O)[O-])c2no[n+]([O-])c12,198,"7-Amino-4,6-dinitrobenzofuroxan",ADNBF,5mArN,C6H3N5O6,-49.8,1.877,243.1,150,5.56,7.994,290.6,6202,100
O=[N+]([O-])c1ccc(Cn2c([N+](=O)[O-])nnc2[N+](=O)[O-])c([N+](=O)[O-])c1,199,"4-(2,4-dinitrobenzyl)-3,5-dinitro-1,2,4-triazole",,5mArN,C9H5N7O8,-59,1.724,355.6,198,5.44,7.4,236.6,5098,96
O=[N+]([O-])c1cc([N+](=O)[O-])c(Nc2noc(Nc3c([N+](=O)[O-])cc([N+](=O)[O-])cc3[N+](=O)[O-])n2)c([N+](=O)[O-])c1,200,"3,5-bis-(picrylamino)-1,2,4-oxadiazole",,5mArN,C14H6N10O13,-55.1,1.783,280.2,311,5.1,7.421,242.9,4930,95
O=C1c2nn(-c3c([N+](=O)[O-])cc([N+](=O)[O-])cc3[N+](=O)[O-])nc2C(=O)c2nn(-c3c([N+](=O)[O-])cc([N+](=O)[O-])cc3[N+](=O)[O-])nc21,201,"2,6-Dipicrylbenzo-[1,2-d:4,5-d']-bistriazole-4,8-dione",,5mArN,C18H4N12O14,-62.7,1.828,620.6,335,5.11,7.332,240.6,4724,95
O=[N+]([O-])c1cc([N+](=O)[O-])c2no[n+]([O-])c2c1,203,"4,6-Dinitrobenzofuroxan",DNBF,5mArN,C6H2N4O6,-49.5,1.838,281.6,133,6.08,7.929,282.3,6111,76
O=[N+]([O-])c1cc([N+](=O)[O-])c(Nc2nonc2Nc2c([N+](=O)[O-])cc([N+](=O)[O-])cc2[N+](=O)[O-])c([N+](=O)[O-])c1,204,"3,4-bis-(picrylamino)-furazan",,5mArN,C14H6N10O13,-55.1,1.783,424.5,311,5.37,7.52,249.4,5199,71
O=[N+]([O-])c1nc([N+](=O)[O-])c([N+](=O)[O-])[nH]1,205,"2,4,5-Trinitroimidazole",,5mArN,C3HN5O6,-3.9,1.939,160.3,135,6.05,8.961,372,7658,68
O=[N+]([O-])c1cc([N+](=O)[O-])c(-n2cnc([N+](=O)[O-])n2)c([N+](=O)[O-])c1,206,"3-nitro-1-picryl-1,2,4-triazole",,5mArN,C8H3N7O8,-46.7,1.786,365.3,191,5.58,7.712,262.6,5532,68
O=[N+]([O-])c1cc([N+](=O)[O-])c(Nc2nonc2[N+](=O)[O-])c([N+](=O)[O-])c1,207,3-nitro-4-picrylaminofurazan,,5mArN,C8H3N7O9,-39.9,1.824,332.5,208,5.75,7.968,283.8,6010,60
Nc1c([N+](=O)[O-])c([N+](=O)[O-])c([N+](=O)[O-])c2no[n+]([O-])c12,208,"7-Amino-4,5,6-trinitrobenzofuroxan (107140-65-8)",CL-17,5mArN,C6H2N6O8,-28,1.969,319.1,178,6.15,8.713,354.8,7559,56
Nc1c([N+](=O)[O-])c2no[n+]([O-])c2c2no[n+]([O-])c12,209,8-Amino-7-nitrobenzobisfuroxan (1423364-70-8),CL-18,5mArN,C6H2N6O6,-44.1,2.019,457.8,150,6.04,8.624,352.4,7607,56
O=[N+]([O-])c1cn([N+](=O)[O-])cn1,210,"1,4-Dinitroimidazole",19182-81-1,5mArN,C3H2N4O4,-30.4,1.75,208.2,98,5.96,8.098,286,6324,55
[O-][n+]1onc2c1c1no[n+]([O-])c1c1no[n+]([O-])c21,211,benzotrifuroxan,BTF,5mArN,C6N6O6,-38.1,2.106,668.9,134,6.8,9.06,398,8734,50
Cn1c([N+](=O)[O-])nc([N+](=O)[O-])c1[N+](=O)[O-],212,"1-Methyl-2,4,5-trinitroimidazole",,5mArN,C4H3N5O6,-25.8,1.775,166.4,131,5.91,8.224,297.5,6495,49
O=[N+]([O-])c1cc([N+](=O)[O-])c(-c2[nH]c([N+](=O)[O-])nc2[N+](=O)[O-])c([N+](=O)[O-])c1,213,"2,4-dinitro-1-picryl-imidazole",,5mArN,C9H3N7O10,-41.2,1.83,230.5,224,5.53,7.85,276.1,5681,46
O=[N+]([O-])c1nc(-c2nc([N+](=O)[O-])c([N+](=O)[O-])[nH]2)[nH]c1[N+](=O)[O-],214,"4,4',5,5'-tetranitrobiimidazole",,5mArN,C6H2N8O8,-25.5,1.913,330.4,198,5.57,8.416,325.6,6670,37
O=[N+]([O-])CCn1c([N+](=O)[O-])nnc1[N+](=O)[O-],215,"4-(2-nitroethyl)-3,5-dinitro-1,2,4-triazole",,5mArN,C4H4N6O6,-27.6,1.754,228.1,144,5.84,8.21,294.4,6509,35
O=[N+]([O-])c1nonc1-c1no[n+]([O-])c1-c1nonc1[N+](=O)[O-],216,"3,4-Bis(4-nitro-1,2,5-oxadiazol-3-yl)-1,2,5-oxadiazole-2-oxide",DNTF,5mArN,C6N8O8,-20.5,1.964,707.1,179,6.73,8.915,370.9,8090,31
O=[N+]([O-])c1cc([N+](=O)[O-])on1,217,"3,5-dinitroisoxazole",,5mArN,C3HN3O5,-15.1,1.841,107.4,101,6.36,8.528,327,7028,29
Nc1nonc1[N+](=O)[O-],218,3-amino-4-nitrofurazan,,5mArN,C2H2N4O3,-24.6,1.888,210.5,93,5.79,8.699,345.2,7408,27
O=[N+]([O-])OCCNc1c([N+](=O)[O-])c(-c2nnc(-c3c([N+](=O)[O-])c(NCCO[N+](=O)[O-])c([N+](=O)[O-])c(N(CCO[N+](=O)[O-])[N+](=O)[O-])c3[N+](=O)[O-])o2)c([N+](=O)[O-])c(N(CCO[N+](=O)[O-])[N+](=O)[O-])c1[N+](=O)[O-],219,"Compound (24) in PEP 19,249 (1994)",,5mArN,C22H18N18O29,-38.5,1.76,208.3,583,5.75,7.956,277,6082,27
O=[N+]([O-])c1cc([N+](=O)[O-])c(-c2nnc(-c3c([N+](=O)[O-])cc([N+](=O)[O-])cc3[N+](=O)[O-])o2)c([N+](=O)[O-])c1,220,"2,5-dipicryl-1,3,4-oxadiazole",,5mArN,C14H4N8O13,-55.3,1.793,274.4,283,5.36,7.425,244,4872,20
O=[N+]([O-])c1nonc1-c1nonc1[N+](=O)[O-],221,"4,4'-dinitro-3,3'-bifurazan",,5mArN,C4N6O6,-14,1.937,481.7,139,6.68,8.924,368.7,7992,13
O=[N+]([O-])OCCNc1c([N+](=O)[O-])cc([N+](=O)[O-])c(-c2nnc(-c3c([N+](=O)[O-])cc([N+](=O)[O-])c(NCCO[N+](=O)[O-])c3[N+](=O)[O-])o2)c1[N+](=O)[O-],222,"Compound (23) in PEP 19,249 (1994)",,5mArN,C18H12N12O19,-52.5,1.744,157.7,413,5.36,7.534,247,5273,13
Nc1c([N+](=O)[O-])c(N)c([N+](=O)[O-])c(N)c1[N+](=O)[O-],223,"1,3,5-Triamino-2,4,6-trinitrobenzene",TATB,NAC,C6H6N6O6,-55.8,1.807,7.4,182,4.42,7.507,250.6,5048,490
Nc1c([N+](=O)[O-])cc([N+](=O)[O-])c(N)c1[N+](=O)[O-],224,"1,3-diamino-2,4,6-trinitrobenzene",DATB,NAC,C6H5N5O6,-55.9,1.774,2.3,165,4.65,7.419,242,4951,320
O=[N+]([O-])c1cc([N+](=O)[O-])c(-c2cnn(-c3c([N+](=O)[O-])cc([N+](=O)[O-])cc3[N+](=O)[O-])c2)c([N+](=O)[O-])c1,225,"1,4-dipicrylpyrazole",,NAC,C15H6N8O12,-68.5,1.731,429.9,275,5.41,7.151,221.5,4553,314
O=[N+]([O-])c1cc([N+](=O)[O-])c(-n2ccnc2)c([N+](=O)[O-])c1,226,1-picrylimidazole,,NAC,C9H5N5O6,-83.1,1.647,290.8,158,5.11,6.735,190.5,3982,314
O=[N+]([O-])c1ccc(O)c([N+](=O)[O-])c1O,227,"2,4-dinitroresorcinol",,NAC,C6H4N2O6,-64,1.779,-291.2,152,4.14,6.964,213.6,3999,296
COc1c([N+](=O)[O-])cc([N+](=O)[O-])c(OC)c1[N+](=O)[O-],228,"1,3-Dimethoxy-2,4,6-trinitrobenzene",,NAC,C8H7N3O8,-67.4,1.615,-206.6,158,5,6.908,197.9,4213,251
Cc1c([N+](=O)[O-])c(N)c([N+](=O)[O-])c(N)c1[N+](=O)[O-],229,"1-Methyl-3,5-diamino-2,4,6-trinitrobenzene",,NAC,C7H7N5O6,-71.6,1.686,23,170,4.63,7.047,211.6,4542,239
O=[N+]([O-])c1cc([N+](=O)[O-])c(Nc2nc(Nc3cc([N+](=O)[O-])cc([N+](=O)[O-])c3[N+](=O)[O-])c([N+](=O)[O-])c(Nc3c([N+](=O)[O-])cc([N+](=O)[O-])cc3[N+](=O)[O-])n2)c([N+](=O)[O-])c1,230,"5-nitro-2,4,6-tris-(picrylamino)-pyrimidine",,NAC,C22H9N15O20,-56.8,1.787,430.6,478,5.09,7.393,241.4,4881,201
COc1c([N+](=O)[O-])cc([N+](=O)[O-])cc1[N+](=O)[O-],231,"2,4,6-trinitroanisole",,NAC,C7H5N3O7,-62.5,1.655,-80.6,146,5.19,7.076,210.9,4442,192
O=[N+]([O-])c1cc([N+](=O)[O-])c(Nc2cccc(Nc3c([N+](=O)[O-])cc([N+](=O)[O-])cc3[N+](=O)[O-])n2)c([N+](=O)[O-])c1,232,"2,6-bis-(picrylamino)-pyridine",,NAC,C17H9N9O12,-79.8,1.689,311,314,4.82,6.771,195.6,3950,192
Cc1c([N+](=O)[O-])cc([N+](=O)[O-])c(O)c1[N+](=O)[O-],233,"2,4,6-trinitro-m-cresol",,NAC,C7H5N3O7,-62.5,1.712,-166,161,4.78,7.095,216.6,4401,191
CCOc1c([N+](=O)[O-])cc([N+](=O)[O-])cc1[N+](=O)[O-],234,"1-Ethoxy-2,4,6-trinitrobenzene",,NAC,C8H7N3O7,-77.8,1.591,-120,152,4.91,6.698,184.2,3945,190
Nc1c([N+](=O)[O-])cc([N+](=O)[O-])cc1[N+](=O)[O-],235,"2,4,6-trinitroaniline",TNA,NAC,C6H4N4O6,-56.1,1.742,14.5,149,4.98,7.353,235.1,4870,177
Cc1c([N+](=O)[O-])cc([N+](=O)[O-])c(N)c1[N+](=O)[O-],236,3-Amino-trinitrotoluene,,NAC,C7H6N4O6,-72.7,1.658,17.2,153,4.87,6.959,204.2,4396,174
Cc1c([N+](=O)[O-])cc([N+](=O)[O-])cc1[N+](=O)[O-],238,"2,4,6-trinitrotoluene","2,4,6-TNT",NAC,C7H5N3O6,-74,1.629,24.3,137,5.2,6.874,197,4204,160
Cc1c([N+](=O)[O-])ccc(-c2c([N+](=O)[O-])cc([N+](=O)[O-])cc2[N+](=O)[O-])c1[N+](=O)[O-],239,"3-methyl-2,2',4,4',6,-pentanitrobiphenyl",,NAC,C13H7N5O10,-79.3,1.667,154.3,226,5.22,6.816,196.6,4027,143
N#Cc1c([N+](=O)[O-])cc([N+](=O)[O-])cc1[N+](=O)[O-],240,"2,4,6-trinitrobenzonitrile",,NAC,C7H2N4O6,-60.5,1.719,239.9,157,5.5,7.19,223,4452,140
Nc1c([N+](=O)[O-])cc([N+](=O)[O-])c(O)c1[N+](=O)[O-],241,"2,4,6-trinitro-3-aminophenol",,NAC,C6H4N4O7,-45.9,1.835,-159.3,173,4.65,7.608,259.7,5089,138
Cc1c([N+](=O)[O-])cc([N+](=O)[O-])c(-c2c([N+](=O)[O-])cc([N+](=O)[O-])c(C)c2[N+](=O)[O-])c1[N+](=O)[O-],242,"3,3'-dimethyl-2,2',4,4',6,6'-hexanitrobiphenyl",,NAC,C14H8N6O12,-70.8,1.688,142.5,258,5.36,7.058,212.4,4470,135
Nc1c([N+](=O)[O-])cc([N+](=O)[O-])c(-c2c([N+](=O)[O-])cc([N+](=O)[O-])c(N)c2[N+](=O)[O-])c1[N+](=O)[O-],243,"3,3'-Diamino-2,2',4,4',6,6'-hexanitrobiphenyl",DIPAM,NAC,C12H6N8O12,-52.8,1.812,149.2,283,5.2,7.596,256.9,5294,132
Nc1c([N+](=O)[O-])cc([N+](=O)[O-])c(Nc2c([N+](=O)[O-])cc([N+](=O)[O-])c(N)c2[N+](=O)[O-])c1[N+](=O)[O-],244,"3,3'-diamino-2,2',4,4',6,6'-hexanitrobiphenyl",DIPAM,NAC,C12H7N9O12,-52.9,1.806,162.1,297,5.08,7.592,256.2,5295,132
Nc1c([N+](=O)[O-])c(N)c([N+](=O)[O-])c(O)c1[N+](=O)[O-],245,"1-hydroxy-3,5-diamino-2,4,6-trinitrobenzene",,NAC,C6H5N5O7,-46.3,1.867,-168.6,189,4.37,7.672,266.8,5137,120
O=[N+]([O-])c1cc([N+](=O)[O-])c(CCc2c([N+](=O)[O-])cc([N+](=O)[O-])cc2[N+](=O)[O-])c([N+](=O)[O-])c1,246,"2,2',4,4',6,6'-hexanitrobibenzyl",,NAC,C14H8N6O12,-70.8,1.688,116.9,264,5.29,7.035,211.1,4413,114
Cc1c([N+](=O)[O-])c(C)c([N+](=O)[O-])c(C)c1[N+](=O)[O-],247,Trinitromesitylene,,NAC,C9H9N3O6,-103.5,1.512,-11.2,145,4.81,6.22,153.6,3463,110
O=C(O)c1c([N+](=O)[O-])cc([N+](=O)[O-])cc1[N+](=O)[O-],248,"2,4,6-trinitrobenzoic acid",,NAC,C7H3N3O8,-46.7,1.801,-293.2,174,4.57,7.3,236.5,4396,109
Cc1cc([N+](=O)[O-])c([N+](=O)[O-])c([N+](=O)[O-])c1,249,"3,4,5-Trinitrotoluene","3,4,5-TNT",NAC,C7H5N3O6,-74,1.629,61.4,137,5.36,6.927,200.1,4336,107
O=[N+]([O-])c1cc([N+](=O)[O-])c(NC2N=CC=CN2c2c([N+](=O)[O-])cc([N+](=O)[O-])cc2[N+](=O)[O-])c([N+](=O)[O-])c1,250,"1-Picryl-2-picrylamino-1,2-dihydropyrimidine",,NAC,C16H9N9O12,-75.5,1.69,453.2,292,5.25,6.998,209,4440,106
O=[N+]([O-])c1cc([N+](=O)[O-])cc([N+](=O)[O-])c1,251,"1,3,5-trinitrobenzene",TNB,NAC,C6H3N3O6,-56.3,1.709,31.5,133,5.38,7.274,227.4,4688,100
O=[N+]([O-])c1ccc([N+](=O)[O-])c2c([N+](=O)[O-])ccc([N+](=O)[O-])c12,252,"1,4,5,8-tetranitronaphthalene",,NAC,C10H4N4O8,-72.7,1.728,188.6,182,5.42,7.053,215.3,4342,100
Cc1c([N+](=O)[O-])cc([N+](=O)[O-])c(C)c1[N+](=O)[O-],253,Trinitroxylene,,NAC,C8H7N3O6,-89.6,1.565,7.4,141,4.99,6.524,172.9,3796,100
O=[N+]([O-])c1cc([N+](=O)[O-])c(Nc2cc(Nc3c([N+](=O)[O-])cc([N+](=O)[O-])cc3[N+](=O)[O-])c([N+](=O)[O-])nc2[N+](=O)[O-])c([N+](=O)[O-])c1,254,"3,5-bis-(picrylamino)-2,6-dinitropyridine",,NAC,C17H7N11O16,-55.4,1.781,359.8,371,5.3,7.461,245.3,5038,92
O=[N+]([O-])c1cc([N+](=O)[O-])c(-n2cnc3c([N+](=O)[O-])cc([N+](=O)[O-])cc32)c([N+](=O)[O-])c1,255,"4,6-Dinitro-1-picryl-benzotriazole",,NAC,C13H5N7O10,-70.6,1.744,317.1,236,5.16,7.069,217.5,4367,91
COC(=O)c1c([N+](=O)[O-])cc([N+](=O)[O-])cc1[N+](=O)[O-],256,"Methyl-2,4,6-trinitrobenzoate",,NAC,C8H5N3O8,-62,1.667,-287.5,163,4.56,6.833,197.6,3808,90
O=[N+]([O-])c1cc([N+](=O)[O-])c(-c2c([N+](=O)[O-])c(-c3c([N+](=O)[O-])cc([N+](=O)[O-])cc3[N+](=O)[O-])c([N+](=O)[O-])c(-c3c([N+](=O)[O-])cc([N+](=O)[O-])cc3[N+](=O)[O-])c2[N+](=O)[O-])c([N+](=O)[O-])c1,257,"1,3,5-trinitro-2,4,6-tripicryl benzene (BRX)",,NAC,C24H6N12O24,-51,1.816,462.8,484,5.71,7.623,259.1,5251,89
O=[N+]([O-])c1cc([N+](=O)[O-])c(O)c([N+](=O)[O-])c1,258,picric acid,PA,NAC,C6H3N3O7,-45.4,1.802,-146.5,157,4.98,7.532,251.9,4967,87
O=[N+]([O-])c1cc([N+](=O)[O-])c(-c2c([N+](=O)[O-])cc([N+](=O)[O-])cc2[N+](=O)[O-])c([N+](=O)[O-])c1,259,"2,2',4,4',6,6'-hexanitrobiphenyl",HNBP,NAC,C12H4N6O12,-52.8,1.779,170.1,250,5.59,7.5,247.8,5047,85
O=[N+]([O-])c1cc([N+](=O)[O-])c(-c2nc(-c3c([N+](=O)[O-])cc([N+](=O)[O-])cc3[N+](=O)[O-])nc(-c3c([N+](=O)[O-])cc([N+](=O)[O-])cc3[N+](=O)[O-])n2)c([N+](=O)[O-])c1,260,Tripicryl-s-triazine,,NAC,C21H6N12O18,-60.5,1.787,514.9,412,5.29,7.316,236.4,4702,85
O=[N+]([O-])c1cc([N+](=O)[O-])c(Cl)c([N+](=O)[O-])c1,261,"2,4,6-Trinitro-1-chlorobenzene",,NAC,C6H2N3O6Cl,-42,1.807,60.5,140,4.91,7.404,243.8,4507,79
CC(=O)c1c([N+](=O)[O-])cc([N+](=O)[O-])cc1[N+](=O)[O-],262,"2,4,6-Trinitro-acetylbenzene",,NAC,C8H5N3O7,-72.1,1.645,-89.6,154,4.88,6.774,192.5,3866,79
Cc1c([N+](=O)[O-])c(C)c([N+](=O)[O-])c(O)c1[N+](=O)[O-],263,"3,5-dimethyl-2,4,6-trinitrophenol",,NAC,C8H7N3O7,-77.8,1.639,-169.8,165,4.67,6.747,190.6,4005,77
COc1c([N+](=O)[O-])c(Cl)c([N+](=O)[O-])c(Cl)c1[N+](=O)[O-],264,"1-Methoxy-3,5-dichloro-2,4,6-trinitrobenzene",,NAC,C7H3N3O7Cl2,-38.5,1.819,-63.1,159,4.37,7.253,234.8,4071,75
O=[N+]([O-])c1cc([N+](=O)[O-])c(CCO)c([N+](=O)[O-])c1,265,"2-(2,4,6-Trinitrobenzene) ethanol",,NAC,C8H7N3O7,-77.8,1.639,-145.5,170,4.74,6.774,192.1,4068,68
O=[N+]([O-])c1cc([N+](=O)[O-])c(Nc2nc(Nc3c([N+](=O)[O-])cc([N+](=O)[O-])cc3[N+](=O)[O-])c([N+](=O)[O-])cc2[N+](=O)[O-])c([N+](=O)[O-])c1,266,"2,6-bis-(picrylamino)-3,5-dinitropyridine",,NAC,C17H7N11O16,-55.4,1.781,320.6,371,5.24,7.438,243.9,4978,63
O=[N+]([O-])c1cc([N+](=O)[O-])c(-c2cc(-c3c([N+](=O)[O-])cc([N+](=O)[O-])cc3[N+](=O)[O-])c([N+](=O)[O-])cc2[N+](=O)[O-])c([N+](=O)[O-])c1,267,"2,2"",4,4',4"",6,6',6""-octanitro-m-terphenyl",,NAC,C18H6N8O16,-62.3,1.762,279.3,339,5.46,7.267,231.3,4631,63
O=[N+]([O-])c1cc([N+](=O)[O-])c(Nc2nnc(Nc3c([N+](=O)[O-])cc([N+](=O)[O-])cc3[N+](=O)[O-])nn2)c([N+](=O)[O-])c1,268,"3,6-bis-(pricrylamino)-s-tetrazine",,NAC,C14H6N12O12,-56.9,1.783,663.9,327,5.3,7.507,248.6,5213,61
O=[N+]([O-])c1cc([N+](=O)[O-])c(-c2cc([N+](=O)[O-])c(-c3c([N+](=O)[O-])cc([N+](=O)[O-])cc3[N+](=O)[O-])c([N+](=O)[O-])c2)c([N+](=O)[O-])c1,269,"2,2',2"",4,4"",6,6',6""-octanitro-p-terphenyl",,NAC,C18H6N8O16,-62.3,1.762,289.9,339,5.48,7.274,231.7,4647,59
O=[N+]([O-])c1cc([N+](=O)[O-])c(-c2ncnc(-c3c([N+](=O)[O-])cc([N+](=O)[O-])cc3[N+](=O)[O-])c2[N+](=O)[O-])c([N+](=O)[O-])c1,270,"2,4,6,2',2"",4"",6""-heptanitro-4',6'-diaza-m-terphenyl",,NAC,C16H5N9O14,-59.9,1.776,392.6,319,5.37,7.334,236.7,4761,58
O=[N+]([O-])c1cc([N+](=O)[O-])c(-c2ncc([N+](=O)[O-])c(-c3c([N+](=O)[O-])cc([N+](=O)[O-])cc3[N+](=O)[O-])n2)c([N+](=O)[O-])c1,271,"2,4,6,4',2"",4"",6""-heptanitro-2',6'-diaza-m-terphenyl",,NAC,C16H5N9O14,-59.9,1.776,374.1,319,5.34,7.322,235.9,4731,58
O=[N+]([O-])c1cnc(/N=N/c2ncc([N+](=O)[O-])cc2[N+](=O)[O-])c([N+](=O)[O-])c1,272,"3,3',5,5'-tetranitro-2,2'-azopyridine",,NAC,C10H4N8O8,-61.5,1.731,534.9,221,5.43,7.317,231.9,4890,56
Cc1ccc([N+](=O)[O-])c([N+](=O)[O-])c1[N+](=O)[O-],273,"2,3,4-Trinitrotoluene","2,3,4-TNT",NAC,C7H5N3O6,-74,1.629,67,137,5.39,6.936,200.6,4357,56
O=C(c1ccc([N+](=O)[O-])cc1[N+](=O)[O-])c1c([N+](=O)[O-])cc([N+](=O)[O-])cc1[N+](=O)[O-],274,"2,2',4,4',6,-pentanitrobenzophenone",,NAC,C13H5N5O11,-68.8,1.719,54.1,239,5.14,6.968,209.4,4059,54
Cc1c([N+](=O)[O-])cc([N+](=O)[O-])c(-c2c([N+](=O)[O-])cc([N+](=O)[O-])cc2[N+](=O)[O-])c1[N+](=O)[O-],275,"3-methyl-2,2',4,4',6,6'-hexanitrobiphenyl",,NAC,C13H6N6O12,-62.1,1.731,153.9,254,5.47,7.267,228.8,4736,53
O=[N+]([O-])c1cc([N+](=O)[O-])c(CO)c([N+](=O)[O-])c1,276,"2,4,6-Trinitrobenzyl alcohol",,NAC,C7H5N3O7,-62.5,1.712,-116.9,164,4.97,7.164,220.8,4575,52
O=[N+]([O-])c1cc([N+](=O)[O-])c(Nc2c([N+](=O)[O-])cc([N+](=O)[O-])cc2[N+](=O)[O-])c([N+](=O)[O-])c1,278,"2,2',4,4',6,6'-hexanitrobiphenylamine",,NAC,C12H5N7O12,-52.8,1.772,189.2,264,5.46,7.506,247.6,5116,48
Cc1c([N+](=O)[O-])c([N+](=O)[O-])c(N)c([N+](=O)[O-])c1[N+](=O)[O-],279,"4-Amino-2,3,5,6-tetranitrotoluene",TetN-p-Tol,NAC,C7H5N5O8,-47.4,1.763,81.8,182,5.53,7.736,262.2,5671,47
O=[N+]([O-])c1cc([N+](=O)[O-])c(CCl)c([N+](=O)[O-])c1,280,"2,4,6-Trinitrobenzyl chloride",,NAC,C7H4N3O6Cl,-58.1,1.724,13.6,147,4.62,6.975,210.2,3947,44
O=[N+]([O-])c1cc([N+](=O)[O-])c(O)c([N+](=O)[O-])c1O,281,"2,4,6-trinitroresorcinol",,NAC,C6H3N3O8,-35.9,1.897,-315.2,181,4.67,7.8,278.3,5240,43
O=[N+]([O-])c1cc([N+](=O)[O-])c(-c2c([N+](=O)[O-])cc([N+](=O)[O-])c(O)c2[N+](=O)[O-])c([N+](=O)[O-])c1,282,"3-hydroxy-2,2',4,4',6,6'-hexanitrobiphenyl",,NAC,C12H4N6O13,-47.3,1.828,-1.9,274,5.39,7.646,261.7,5239,42
O=[N+]([O-])c1cc([N+](=O)[O-])c(/C=N/O)c([N+](=O)[O-])c1,283,"2,4,6-trinitrobenzaldoxime",,NAC,C7H4N4O7,-56.2,1.731,115,172,5.51,7.438,239.6,5113,42
Nc1c([N+](=O)[O-])cc([N+](=O)[O-])c([N+](=O)[O-])c1[N+](=O)[O-],284,"2,3,4,6-tetranitroaniline",TetNA,NAC,C6H3N5O8,-32.2,1.848,86.1,178,5.67,8.15,299.3,6274,41
O=[N+]([O-])c1cc([N+](=O)[O-])c(-c2c([N+](=O)[O-])cc([N+](=O)[O-])c(O)c2[N+](=O)[O-])c([N+](=O)[O-])c1O,285,"3,3'-dihydroxy-2,2',4,4',6,6'-hexanitrobiphenyl",,NAC,C12H4N6O14,-42.1,1.877,-173.4,298,5.2,7.789,275.8,5411,40
O=[N+]([O-])c1cc([N+](=O)[O-])c(-c2c([N+](=O)[O-])cc([N+](=O)[O-])c(/N=N/c3c([N+](=O)[O-])cc([N+](=O)[O-])c(-c4c([N+](=O)[O-])cc([N+](=O)[O-])cc4[N+](=O)[O-])c3[N+](=O)[O-])c2[N+](=O)[O-])c([N+](=O)[O-])c1,286,"azo-bis-2,2',4,4',6,6'-hexanitrobiphenyl",,NAC,C24H6N14O24,-49.4,1.814,714.6,504,5.8,7.692,263.7,5430,40
O=[N+]([O-])c1cc([N+](=O)[O-])c(-c2c([N+](=O)[O-])cc([N+](=O)[O-])c(-c3c([N+](=O)[O-])cc([N+](=O)[O-])c(-c4c([N+](=O)[O-])cc([N+](=O)[O-])cc4[N+](=O)[O-])c3[N+](=O)[O-])c2[N+](=O)[O-])c([N+](=O)[O-])c1,287,dodecanitroquaterphenyl,,NAC,C24H6N12O24,-51,1.816,451,484,5.7,7.618,258.8,5238,40
O=[N+]([O-])c1cc([N+](=O)[O-])c(-c2cc([N+](=O)[O-])c(-c3c([N+](=O)[O-])cc([N+](=O)[O-])cc3[N+](=O)[O-])cc2[N+](=O)[O-])c([N+](=O)[O-])c1,288,"2,2',2"",4,4"",5',6,6""-octanitro-p-terphenyl",,NAC,C18H6N8O16,-62.3,1.762,279.6,339,5.46,7.268,231.3,4632,40
O=[N+]([O-])c1cc([N+](=O)[O-])c(-c2c([N+](=O)[O-])cc([N+](=O)[O-])c(-c3c([N+](=O)[O-])cc([N+](=O)[O-])cc3[N+](=O)[O-])c2[N+](=O)[O-])c([N+](=O)[O-])c1,289,"2,2',2"",4,4',4"",6,6',6""-nonanitro-m-terphenyl",,NAC,C18H5N9O18,-51.6,1.804,309.7,367,5.66,7.58,255.2,5176,39
O=[N+]([O-])c1cc([N+](=O)[O-])c(Cc2c([N+](=O)[O-])cc([N+](=O)[O-])cc2[N+](=O)[O-])c([N+](=O)[O-])c1,290,"2,2',4,4',6,6'-Hexanitrodiphenylmethane",HNDPM,NAC,C13H6N6O12,-62.1,1.731,153.6,257,5.46,7.265,228.6,4730,39
O=[N+]([O-])c1cc([N+](=O)[O-])c(/C=C/c2c([N+](=O)[O-])cc([N+](=O)[O-])cc2[N+](=O)[O-])c([N+](=O)[O-])c1,291,hexanitrostilbene,HNS,NAC,C14H6N6O12,-67.5,1.705,247.5,261,5.51,7.11,216.9,4439,39
Cc1c([N+](=O)[O-])c(N)c([N+](=O)[O-])c([N+](=O)[O-])c1[N+](=O)[O-],292,"3-Amino-2,4,5,6-tetranitrotoluene",TetN-m-Tol,NAC,C7H5N5O8,-47.4,1.763,83.8,182,5.53,7.738,262.3,5678,37
O=[N+]([O-])c1cc([N+](=O)[O-])c(/N=N/c2c([N+](=O)[O-])cc([N+](=O)[O-])cc2[N+](=O)[O-])c([N+](=O)[O-])c1,293,"2,2,4,4,6,6-Hexanitroazobenzene",,NAC,C12H4N8O12,-49.5,1.777,450.3,270,5.82,7.659,258.2,5444,37
Cc1c(N)c([N+](=O)[O-])c([N+](=O)[O-])c([N+](=O)[O-])c1[N+](=O)[O-],294,"2-Amino-3,4,5,6-tetranitrotoluene",TetN-o-Tol,NAC,C7H5N5O8,-47.4,1.763,98.1,182,5.58,7.755,263.5,5728,36
O=Cc1c([N+](=O)[O-])cc([N+](=O)[O-])cc1[N+](=O)[O-],295,"2,4,6-trinitrobenzaldehyde",,NAC,C7H3N3O7,-56.4,1.717,-37.2,150,5.22,7.183,222.4,4407,36
O=[N+]([O-])c1cc([N+](=O)[O-])c(/N=N/c2nc(/N=N/c3c([N+](=O)[O-])cc([N+](=O)[O-])cc3[N+](=O)[O-])c([N+](=O)[O-])cc2[N+](=O)[O-])c([N+](=O)[O-])c1,296,"2,6-bis-(picrylazo)-3,5-dinitropyridine",,NAC,C17H5N13O16,-50.7,1.787,865.9,382,5.79,7.668,259.7,5481,33
C=Cc1c([N+](=O)[O-])cc([N+](=O)[O-])cc1[N+](=O)[O-],297,"2,4,6-Trinitrostyrene",,NAC,C8H5N3O6,-83.6,1.598,149.9,141,5.45,6.691,184.3,3900,32
O=[N+]([O-])c1cc([N+](=O)[O-])c([N+](=O)[O-])cc1[N+](=O)[O-],298,"1,2,4,5-tetranitrobenzene",TetNB,NAC,C6H2N4O8,-31,1.817,111,161,6.08,8.097,292.5,6189,27
O=[N+]([O-])c1c(O)c([N+](=O)[O-])c(O)c([N+](=O)[O-])c1O,299,"2,4,6-trinitrophloroglucinol",,NAC,C6H3N3O9,-27.6,1.992,-500.6,204,4.34,8.028,303.1,5386,27
Cc1c([N+](=O)[O-])c([N+](=O)[O-])cc([N+](=O)[O-])c1[N+](=O)[O-],300,"2,3,5,6-Tetranitrotoluene","2,3,5,6-TetNT",NAC,C7H4N4O8,-47,1.737,78.7,165,5.8,7.66,254.7,5505,25
Nc1c([N+](=O)[O-])c([N+](=O)[O-])c(-c2c([N+](=O)[O-])c([N+](=O)[O-])c(N)c([N+](=O)[O-])c2[N+](=O)[O-])c([N+](=O)[O-])c1[N+](=O)[O-],301,"4,4'-Diamino-2,2',3,3',4,4',5,5',6,6'-octanitrobiphenyl",CL-12,NAC,C12H4N10O16,-29.4,1.915,314.3,340,5.9,8.401,324.6,6788,20
O=[N+]([O-])c1cc([N+](=O)[O-])[n+]([O-])c([N+](=O)[O-])c1,302,"2,4,6-trinitropyridine-1-oxide",,NAC,C5H2N4O7,-27.8,1.84,175.1,144,6.32,8.348,313.2,6818,20
Cc1c([N+](=O)[O-])cc([N+](=O)[O-])c([N+](=O)[O-])c1[N+](=O)[O-],303,"2,3,4,6-Tetranitrotoluene","2,3,4,6-TetNT",NAC,C7H4N4O8,-47,1.737,84.9,165,5.82,7.667,255.2,5526,19
Cc1c([N+](=O)[O-])c([N+](=O)[O-])c([N+](=O)[O-])c([N+](=O)[O-])c1[N+](=O)[O-],304,Pentanitrotoluene,PNT,NAC,C7H3N5O10,-27.7,1.822,143.7,194,6.26,8.268,305.4,6615,18
Nc1c([N+](=O)[O-])c([N+](=O)[O-])c([N+](=O)[O-])c([N+](=O)[O-])c1[N+](=O)[O-],305,pentanitroaniline,PNA,NAC,C6H2N6O10,-15.1,1.932,159.6,206,6.18,8.762,354.9,7454,15
Cc1cc([N+](=O)[O-])c([N+](=O)[O-])c([N+](=O)[O-])c1[N+](=O)[O-],306,"2,3,4,5-Tetranitrotoluene","2,3,4,5-TetNT",NAC,C7H4N4O8,-47,1.737,96.6,165,5.87,7.682,256.2,5568,15
O=[N+]([O-])c1c([N+](=O)[O-])c([N+](=O)[O-])c([N+](=O)[O-])c([N+](=O)[O-])c1[N+](=O)[O-],307,hexanitrobenzene,HNB,NAC,C6N6O12,0,1.971,235.6,218,6.83,9.172,393.3,8321,12
O=[N+]([O-])c1cc([N+](=O)[O-])c([N+](=O)[O-])c([N+](=O)[O-])c1[N+](=O)[O-],308,Pentanitrobenzene,PNB,NAC,C6HN5O10,-13.2,1.902,168.5,190,6.49,8.692,346.1,7333,11
